domain,price,description,for_sale,personal_store,auto_renew
"laydee",111,,FALSE,TRUE,TRUE
"moneyisdead",55,,FALSE,TRUE,TRUE
"airpaper",55,,FALSE,TRUE,TRUE
"folkbook",55,,FALSE,TRUE,TRUE
"koreataekwondo",,,FALSE,TRUE,TRUE
"inorderto",22,,FALSE,TRUE,TRUE
"recorrio",333,"ES 'toured, verb: travel, walk, tour'",FALSE,TRUE,TRUE
"habilito",33,"ES 'enable, qualify'",FALSE,TRUE,TRUE
"medibazaar",22,,FALSE,TRUE,TRUE
"chartz",111,,FALSE,TRUE,TRUE
"badneck",22,,FALSE,TRUE,TRUE
"twoboss",22,,FALSE,TRUE,TRUE
"fatalcohol",22,"fatal alcohol | fat alcohol",FALSE,TRUE,TRUE
"focillate",11,"IT 'focus | Latin 'mobilize'",FALSE,TRUE,TRUE
"ciertas",44,"ES 'certain, sure, definite'",FALSE,TRUE,TRUE
"sirgas",22,,FALSE,TRUE,TRUE
"momhost",22,,FALSE,TRUE,TRUE
"linguisticsai",44,,FALSE,TRUE,TRUE
"centones",11,,FALSE,TRUE,TRUE
"dadsell",22,,FALSE,TRUE,TRUE
"bogearth",11,,FALSE,TRUE,TRUE
"edibleking",44,,FALSE,TRUE,TRUE
"dayperson",22,,FALSE,TRUE,TRUE
"tablista",55,"ES 'surfer, windsurfer'",FALSE,TRUE,TRUE
"adatao",22,,FALSE,TRUE,TRUE
"layawager",22.22,,FALSE,TRUE,TRUE
"shakendip",22,,FALSE,TRUE,TRUE
"elimits",44,,FALSE,TRUE,TRUE
"lunchtimes",33,,FALSE,TRUE,TRUE
"foodreactions",22,,FALSE,TRUE,TRUE
"gynecomania",22,"Extreme sexual desire in the male; a compulsive desire for female sex partners",FALSE,TRUE,TRUE
"italianization",44,,FALSE,TRUE,TRUE
"deosculate",11,"to kiss affectionately",FALSE,TRUE,TRUE
"ny-us",555,,FALSE,TRUE,TRUE
"waytask",22,,FALSE,TRUE,TRUE
"xhack",222,,FALSE,TRUE,TRUE
"twoloan",22,,FALSE,TRUE,TRUE
"sadguide",11,,FALSE,TRUE,TRUE
"garlicmayo",44,,FALSE,TRUE,TRUE
"yodelist",33,,FALSE,TRUE,TRUE
"ens4you",44,,FALSE,TRUE,TRUE
"xn--ehq95fexb6w6e",360,"CH\ZH ‘360’",FALSE,TRUE,TRUE
"xn--45qa42l6w6e",88,"CH\ZH ‘880’",FALSE,TRUE,TRUE
"dadstrain",11,,FALSE,TRUE,TRUE
"dollaryo",44,,FALSE,TRUE,TRUE
"sirwish",22,,FALSE,TRUE,TRUE
"it-hub",88,,FALSE,TRUE,TRUE
"dadworry",11,,FALSE,TRUE,TRUE
"yearnto",22,,FALSE,TRUE,TRUE
"mompolicy",11,,FALSE,TRUE,TRUE
"nothingmax",22.22,,FALSE,TRUE,TRUE
"lowlust",11,,FALSE,TRUE,TRUE
"momdear",11,,FALSE,TRUE,TRUE
"letterers",111,,FALSE,TRUE,TRUE
"salutoria",22,"IT 'salutary'",FALSE,TRUE,TRUE
"buidlweb3",33,,FALSE,TRUE,TRUE
"lowrage",11,,FALSE,TRUE,TRUE
"lustfor",22,,FALSE,TRUE,TRUE
"alwayslost",22,,FALSE,TRUE,TRUE
"mybrokensea",22,,FALSE,TRUE,TRUE
"tastetomint",22,,FALSE,TRUE,TRUE
"baba-jaga",22,,FALSE,TRUE,TRUE
"divvied",22,,FALSE,TRUE,TRUE
"mikredki",22,,FALSE,TRUE,TRUE
"hyphenstudio",22,,FALSE,TRUE,TRUE
"doubleorquits",22,,FALSE,TRUE,TRUE
"eatpallet",33,,FALSE,TRUE,TRUE
"trashforce",33,,FALSE,TRUE,TRUE
"globe-trot",55,,FALSE,TRUE,TRUE
"childoriented",22,,FALSE,TRUE,TRUE
"itchfor",11,,FALSE,TRUE,TRUE
"kungfunecktie",22,,FALSE,TRUE,TRUE
"touchass",22,,FALSE,TRUE,TRUE
"panprog",22,,FALSE,TRUE,TRUE
"monkeydojo",111,,FALSE,TRUE,TRUE
"scoundrelly",22.22,,FALSE,TRUE,TRUE
"techxpert",55,,FALSE,TRUE,TRUE
"bromised",22,"bro promise[d]",FALSE,TRUE,TRUE
"oneuni",111,,FALSE,TRUE,TRUE
"desalinated",22,,FALSE,TRUE,TRUE
"pterophorid",22,"tiny plume moths, a family of Lepidoptera with unusually modified wings",FALSE,TRUE,TRUE
"xn--ehq0m06e",365,"CH\ZH ‘3 6 5’",FALSE,TRUE,TRUE
"rommany",99,,FALSE,TRUE,TRUE
"fastgym",44,,FALSE,TRUE,TRUE
"misseat",22,"miss-eat \ miss-seat",FALSE,TRUE,TRUE
"rantize",22,,FALSE,TRUE,TRUE
"luffas",222,,FALSE,TRUE,TRUE
"geeksquare",22,,FALSE,TRUE,TRUE
"gymaesthetics",22,,FALSE,TRUE,TRUE
"snowboardhire",22,,FALSE,TRUE,TRUE
"afrostudio",22,,FALSE,TRUE,TRUE
"sitalone",22,,FALSE,TRUE,TRUE
"amemelord",22,,FALSE,TRUE,TRUE
"marspaceship",22,,FALSE,TRUE,TRUE
"busyguru",22,,FALSE,TRUE,TRUE
"insertdate",22,,FALSE,TRUE,TRUE
"ebay-nft",22,,FALSE,TRUE,TRUE
"apesmint",22,,FALSE,TRUE,TRUE
"friendlyname",22,,FALSE,TRUE,TRUE
"clickpower",55,,FALSE,TRUE,TRUE
"ironwares",111,,FALSE,TRUE,TRUE
"setcamera",22,,FALSE,TRUE,TRUE
"guccihat",22,,FALSE,TRUE,TRUE
"smash-the-bat",22,,FALSE,TRUE,TRUE
"shamcenter",22,,FALSE,TRUE,TRUE
"knightstalker",22,,FALSE,TRUE,TRUE
"burnparty",22,,FALSE,TRUE,TRUE
"feeldumb",22,,FALSE,TRUE,TRUE
"vextreme",22,,FALSE,TRUE,TRUE
"deadhead420",22,,FALSE,TRUE,TRUE
"understars",22,,FALSE,TRUE,TRUE
"dreamwalking",22,,FALSE,TRUE,TRUE
"happydecay",22,,FALSE,TRUE,TRUE
"muggleworld",11,,FALSE,TRUE,TRUE
"footdragon",11,,FALSE,TRUE,TRUE
"pensexpert",22,,FALSE,TRUE,TRUE
"xn--wine-9f53c",,,FALSE,TRUE,TRUE
"sagepunk",22,,FALSE,TRUE,TRUE
"king-of-shit",22,,FALSE,TRUE,TRUE
"chinavstaiwan",44,,FALSE,TRUE,TRUE
"energy-up",22,,FALSE,TRUE,TRUE
"unosquare",22,,FALSE,TRUE,TRUE
"justsun",22,,FALSE,TRUE,TRUE
"losttoys",22,,FALSE,TRUE,TRUE
"retiredguy",22,,FALSE,TRUE,TRUE
"flashmatrix",22,,FALSE,TRUE,TRUE
"agemoon",22,,FALSE,TRUE,TRUE
"smokedaddy",22,,FALSE,TRUE,TRUE
"awetastic",22,,FALSE,TRUE,TRUE
"artofzoo",55,,FALSE,TRUE,TRUE
"mojidad",22,,FALSE,TRUE,TRUE
"oneillusa",22,,FALSE,TRUE,TRUE
"lightyear0",22,,FALSE,TRUE,TRUE
"bluetrips",22,,FALSE,TRUE,TRUE
"enspartners",222,,FALSE,TRUE,TRUE
"uniquecapital",22,,FALSE,TRUE,TRUE
"elvesonline",22,,FALSE,TRUE,TRUE
"nationbase",22,,FALSE,TRUE,TRUE
"7two7",22,,FALSE,TRUE,TRUE
"dirtyphonics",22,,FALSE,TRUE,TRUE
"696-696",22,,FALSE,TRUE,TRUE
"dragonpair",11,,FALSE,TRUE,TRUE
"dragonfoot",11,,FALSE,TRUE,TRUE
"polygraphy",333,,FALSE,TRUE,TRUE
"staffmail",33,,FALSE,TRUE,TRUE
"notold",55,,FALSE,TRUE,TRUE
"wikimanual",55,,FALSE,TRUE,TRUE
"xn--z7xaa",,,FALSE,TRUE,TRUE
"bongaverse",55,,FALSE,TRUE,TRUE
"bidonart",55,,FALSE,TRUE,TRUE
"smartswag",33,,FALSE,TRUE,TRUE
"apeshub",111,,FALSE,TRUE,TRUE
"thingtrade",22,,FALSE,TRUE,TRUE
"walkwin",22,,FALSE,TRUE,TRUE
"pop-it",22,,FALSE,TRUE,TRUE
"wineideal",44,,FALSE,TRUE,TRUE
"usertrade",22,,FALSE,TRUE,TRUE
"flowlist",22,,FALSE,TRUE,TRUE
"peacequiet",44,,FALSE,TRUE,TRUE
"walllaw",44,,FALSE,TRUE,TRUE
"planshe",222,"plan-she | plans-he",FALSE,TRUE,TRUE
"worksolid",33,,FALSE,TRUE,TRUE
"clockpot",22,,FALSE,TRUE,TRUE
"mailfun",22,,FALSE,TRUE,TRUE
"kidpolicy",33,,FALSE,TRUE,TRUE
"windhide",22,,FALSE,TRUE,TRUE
"proofwin",22,,FALSE,TRUE,TRUE
"coderow",44,,FALSE,TRUE,TRUE
"mailmenu",22,,FALSE,TRUE,TRUE
"worldbirth",22,,FALSE,TRUE,TRUE
"staffpower",33,,FALSE,TRUE,TRUE
"nytrucks",22,,FALSE,TRUE,TRUE
"nftaccepted",55,,FALSE,TRUE,TRUE
"carwifi",111,,FALSE,TRUE,TRUE
"bluetoothearrings",11,,FALSE,TRUE,TRUE
"tiemekangaroodown",22,,FALSE,TRUE,TRUE
"reunionnft",22,,FALSE,TRUE,TRUE
"unmoated",22,,FALSE,TRUE,TRUE
"shopreturn",22,,FALSE,TRUE,TRUE
"slogwood",22,,FALSE,TRUE,TRUE
"ridedragon",22,,FALSE,TRUE,TRUE
"returnbest",22,,FALSE,TRUE,TRUE
"nowhat",222,"Now What!? | No, What?",FALSE,TRUE,TRUE
"nextceo",55,,FALSE,TRUE,TRUE
"nexttip",44,,FALSE,TRUE,TRUE
"slangular",22,,FALSE,TRUE,TRUE
"whackedout",22,,FALSE,TRUE,TRUE
"headrhyme",11,,FALSE,TRUE,TRUE
"amazingpoetry",11,,FALSE,TRUE,TRUE
"duediamond",22,,FALSE,TRUE,TRUE
"drawrein",22,,FALSE,TRUE,TRUE
"dragontalk",22,,FALSE,TRUE,TRUE
"dragontell",22,,FALSE,TRUE,TRUE
"outrick",55,,FALSE,TRUE,TRUE
"horseroad",22,,FALSE,TRUE,TRUE
"funnycritters",22.22,,FALSE,TRUE,TRUE
"cdtab",55,,FALSE,TRUE,TRUE
"codesk",333,,FALSE,TRUE,TRUE
"bikehazard",11,,FALSE,TRUE,TRUE
"peacemaxi",22,,FALSE,TRUE,TRUE
"fiddypence",11,,FALSE,TRUE,TRUE
"rugminter",11,,FALSE,TRUE,TRUE
"specialart",33,,FALSE,TRUE,TRUE
"devilbirth",22,,FALSE,TRUE,TRUE
"yellowrisk",22,,FALSE,TRUE,TRUE
"xn--ivy-q192b4c",,,FALSE,TRUE,TRUE
"mapsmobile",22,,FALSE,TRUE,TRUE
"goodyearmaps",11,,FALSE,TRUE,TRUE
"stirpiculturist",22,"One who devotes themself to the improvement of the breed or stock in animals",FALSE,TRUE,TRUE
"flag-waving",33,,FALSE,TRUE,TRUE
"unh-unh",11,,FALSE,TRUE,TRUE
"chinamania",111,,FALSE,TRUE,TRUE
"yz01",22,,FALSE,TRUE,TRUE
"inacura",11,,FALSE,TRUE,TRUE
"musictag",33,,FALSE,TRUE,TRUE
"artutor",44,,FALSE,TRUE,TRUE
"unhodl",111,,FALSE,TRUE,TRUE
"idrt",444.44,,FALSE,TRUE,TRUE
"oldog",111,,FALSE,TRUE,TRUE
"ensninjas",55,,FALSE,TRUE,TRUE
"lovecatz",55,,FALSE,TRUE,TRUE
"touchcat",44,,FALSE,TRUE,TRUE
"giss888",88,,FALSE,TRUE,TRUE
"webjames",33,,FALSE,TRUE,TRUE
"domainssl",55,,FALSE,TRUE,TRUE
"natureboat",33,,FALSE,TRUE,TRUE
"mixwriter",22,,FALSE,TRUE,TRUE
"mindteam",44,,FALSE,TRUE,TRUE
"runeditor",33,,FALSE,TRUE,TRUE
"feedlet",11,,FALSE,TRUE,TRUE
"confuciuss",11,,FALSE,TRUE,TRUE
"longfunny",11,,FALSE,TRUE,TRUE
"betquit",55,,FALSE,TRUE,TRUE
"stargod",111,,FALSE,TRUE,TRUE
"earthround",33,,FALSE,TRUE,TRUE
"futuredad",44,,FALSE,TRUE,TRUE
"hand-worked",33,,FALSE,TRUE,TRUE
"transvests",22,,FALSE,TRUE,TRUE
"thunder-god",11,,FALSE,TRUE,TRUE
"old-fangled",33,,FALSE,TRUE,TRUE
"domainand",33,,FALSE,TRUE,TRUE
"regularira",22,"PT 'regular' | ES 'regularize'",FALSE,TRUE,TRUE
"amibisexual",22,,FALSE,TRUE,TRUE
"euroflag",55,,FALSE,TRUE,TRUE
"pdfcloud",33,,FALSE,TRUE,TRUE
"cheapeat",22,,FALSE,TRUE,TRUE
"asianextension",11,,FALSE,TRUE,TRUE
"apologyvideo",22,,FALSE,TRUE,TRUE
"amemesia",22,"A disorder, where in which a person sends a meme to the same person again, or to whom initially showed them the same meme",FALSE,TRUE,TRUE
"thiscanbeseen",11,,FALSE,TRUE,TRUE
"alienfistbump",11,,FALSE,TRUE,TRUE
"eth-degen",55,,FALSE,TRUE,TRUE
"exoticsinc",33,,FALSE,TRUE,TRUE
"punxart",111,,FALSE,TRUE,TRUE
"apefriend",33,,FALSE,TRUE,TRUE
"birthchip",44,,FALSE,TRUE,TRUE
"craftskill",44,,FALSE,TRUE,TRUE
"winnerlife",33,,FALSE,TRUE,TRUE
"xn--ehq45fkxb6w6e",,,FALSE,TRUE,TRUE
"frozenmeal",44,,FALSE,TRUE,TRUE
"xn--ect323j",,,FALSE,TRUE,TRUE
"sushiknife",33,,FALSE,TRUE,TRUE
"campingidea",22.22,,FALSE,TRUE,TRUE
"assassassin",22,,FALSE,TRUE,TRUE
"unicornsnot",11,,FALSE,TRUE,TRUE
"legoforadults",33,,FALSE,TRUE,TRUE
"lovemypen",33,,FALSE,TRUE,TRUE
"stonerplay",22,,FALSE,TRUE,TRUE
"campingplay",33,,FALSE,TRUE,TRUE
"mapready",22,,FALSE,TRUE,TRUE
"runtofthelitter",22,,FALSE,TRUE,TRUE
"plurali",22,,FALSE,TRUE,TRUE
"stonercards",22.22,,FALSE,TRUE,TRUE
"avogadrian",22,,FALSE,TRUE,TRUE
"painsomnia",22,,FALSE,TRUE,TRUE
"ww2gear",22,,FALSE,TRUE,TRUE
"supersquid",22,,FALSE,TRUE,TRUE
"fidgetpad",22,,FALSE,TRUE,TRUE
"arewehere",11,,FALSE,TRUE,TRUE
"xn--j1aiaaavco",,,FALSE,TRUE,TRUE
"xn--b1aqlekei",,,FALSE,TRUE,TRUE
"xn--h1adalean",,,FALSE,TRUE,TRUE
"clothmask",22,,FALSE,TRUE,TRUE
"stonerstickers",33,,FALSE,TRUE,TRUE
"catnerd",22.2,,FALSE,TRUE,TRUE
"sunrub",55,,FALSE,TRUE,TRUE
"webpager",111,,FALSE,TRUE,TRUE
"logicz",55,,FALSE,TRUE,TRUE
"salezy",77,,FALSE,TRUE,TRUE
"buxcard",55,,FALSE,TRUE,TRUE
"de-jour",55,,FALSE,TRUE,TRUE
"gasparks",11,,FALSE,TRUE,TRUE
"gashort",11,,FALSE,TRUE,TRUE
"pixelogic",55,,FALSE,TRUE,TRUE
"gashepherd",11,,FALSE,TRUE,TRUE
"gasavage",11,,FALSE,TRUE,TRUE
"gasellers",11,,FALSE,TRUE,TRUE
"ox-eye",11,,FALSE,TRUE,TRUE
"xn--1ug1455p8fa",,,FALSE,TRUE,TRUE
"spamsite",55,,FALSE,TRUE,TRUE
"xn--1ug1455p9fa",,,FALSE,TRUE,TRUE
"parysh",22,[parish],FALSE,TRUE,TRUE
"omejie",11,"mis-spelling of 'emojie'",FALSE,TRUE,TRUE
"funjest",22.2,,FALSE,TRUE,TRUE
"catsaga",22.2,,FALSE,TRUE,TRUE
"hnssparkly",234,"...pprreettttyy..... :D",FALSE,TRUE,TRUE
"holistichns",999,,FALSE,TRUE,TRUE
"dimtsje",22,,FALSE,TRUE,TRUE
"paleohns",345,"want to list early registered names..?",FALSE,TRUE,TRUE
"hnsbandana",123,,FALSE,TRUE,TRUE
"methusala",969,"1HNS for the years he's said to have lived :-)",FALSE,TRUE,TRUE
"bruijst",44,"Dutch 'fizz'",FALSE,TRUE,TRUE
"xn--ster-vqa",,,FALSE,TRUE,TRUE
"xn--cde-ho6a",,,FALSE,TRUE,TRUE
"sunrisehns",456,"For all things new in Handshake.......",FALSE,TRUE,TRUE
"bullride",333,,FALSE,TRUE,TRUE
"personise",111,,FALSE,TRUE,TRUE
"word-for-word",33,,FALSE,TRUE,TRUE
"bardish",55,,FALSE,TRUE,TRUE
"showing-off",55,,FALSE,TRUE,TRUE
"abrogating",55,"Now abrogating this domain .. care to take it off my hands..?",FALSE,TRUE,TRUE
"mexicanpinatas",22,,FALSE,TRUE,TRUE
"seoguy",222,,FALSE,TRUE,TRUE
"pirateradioship",77,,FALSE,TRUE,TRUE
"yogaphilosophy",33,,FALSE,TRUE,TRUE
"monophagy",55,"feeding on a single type of food",FALSE,TRUE,TRUE
"tiedyes",55,,FALSE,TRUE,TRUE
"newitch",33,"new itch | new witch",FALSE,TRUE,TRUE
"manteaus",22,"plural noun: a loose gown or cloak worn by women in the 17th and 18th centuries \ a long, loose coat or overshirt worn by Muslim women.",FALSE,TRUE,TRUE
"boot-leg",22,,FALSE,TRUE,TRUE
"drybrushing",33,,FALSE,TRUE,TRUE
"creativekitchen",44,,FALSE,TRUE,TRUE
"freshraw",222,,FALSE,TRUE,TRUE
"petcows",55,,FALSE,TRUE,TRUE
"xn--15q26v",1111,"CH\ZH ‘all seasons’",FALSE,TRUE,TRUE
"sname",555,,FALSE,TRUE,TRUE
"chaa-khol",44,"https://en.wikipedia.org/wiki/Chaa-Khol\n Russia .. OR .. a phonetic fire fuel",FALSE,TRUE,TRUE
"bloodbone",111,,FALSE,TRUE,TRUE
"nationalcostume",55,,FALSE,TRUE,TRUE
"xn--ai-wl03a",,,FALSE,TRUE,TRUE
"asiansupplies",55,,FALSE,TRUE,TRUE
"windowr",111,,FALSE,TRUE,TRUE
"ask8ball",111,,FALSE,TRUE,TRUE
"bolshoylog",22,"Botanical reserve of regional importance in Krasnensky District of the Belgorod Oblast, Russia.",FALSE,TRUE,TRUE
"b4buy",22,,FALSE,TRUE,TRUE
"selfexpert",44,,FALSE,TRUE,TRUE
"teachaid",22,,FALSE,TRUE,TRUE
"xscapetour",22,,FALSE,TRUE,TRUE
"windoors",111,,FALSE,TRUE,TRUE
"buyadrink",111,,FALSE,TRUE,TRUE
"calligraphyart",55,,FALSE,TRUE,TRUE
"seriouspizza",55,,FALSE,TRUE,TRUE
"seospy",55,,FALSE,TRUE,TRUE
"bicyclegenerator",33,,FALSE,TRUE,TRUE
"carribeanislands",11111,,FALSE,TRUE,TRUE
"farmcareer",33,,FALSE,TRUE,TRUE
"handyear",55,,FALSE,TRUE,TRUE
"bestdishes",55,,FALSE,TRUE,TRUE
"buildmake",444,,FALSE,TRUE,TRUE
"campervanusa",44,,FALSE,TRUE,TRUE
"campingholiday",222,,FALSE,TRUE,TRUE
"humanfact",33,,FALSE,TRUE,TRUE
"directshop",111,,FALSE,TRUE,TRUE
"diyshed",1111,,FALSE,TRUE,TRUE
"dishrv",22,,FALSE,TRUE,TRUE
"defineword",22,,FALSE,TRUE,TRUE
"badburger",33,,FALSE,TRUE,TRUE
"bmxmag",55,,FALSE,TRUE,TRUE
"booksused",22,,FALSE,TRUE,TRUE
"searchya",22,,FALSE,TRUE,TRUE
"theeightfoldpath",111,,FALSE,TRUE,TRUE
"theartofwriting",33,,FALSE,TRUE,TRUE
"dairygoats",111,,FALSE,TRUE,TRUE
"coughremedy",33,,FALSE,TRUE,TRUE
"customtax",44,,FALSE,TRUE,TRUE
"chocolatecup",55,,FALSE,TRUE,TRUE
"bestauthors",33,,FALSE,TRUE,TRUE
"bookcircus",33,,FALSE,TRUE,TRUE
"campersusa",55,,FALSE,TRUE,TRUE
"catsnames",55,,FALSE,TRUE,TRUE
"arcadeshop",22,,FALSE,TRUE,TRUE
"rhymetime",55,,FALSE,TRUE,TRUE
"bookyards",22,,FALSE,TRUE,TRUE
"bluesartists",33,,FALSE,TRUE,TRUE
"simplefurniture",22,,FALSE,TRUE,TRUE
"tellsus",11,,FALSE,TRUE,TRUE
"tablefor2",22,,FALSE,TRUE,TRUE
"suryayoga",55,,FALSE,TRUE,TRUE
"seooptimise",55,,FALSE,TRUE,TRUE
"wholegoods",111,,FALSE,TRUE,TRUE
"wildfermentation",111,,FALSE,TRUE,TRUE
"tindwari",11,"A Northern Indian town and a nagar panchayat (area transitioning from rural to urban) in Banda district in the state of Uttar Pradesh.",FALSE,TRUE,TRUE
"xn--64hx850o",,,FALSE,TRUE,TRUE
"xn--cz8ha61y",,,FALSE,TRUE,TRUE
"sucy-en-brie",11,https://en.wikipedia.org/wiki/Sucy-en-Brie,FALSE,TRUE,TRUE
"xn--cz8ha914a",,,FALSE,TRUE,TRUE
"cloudcannabis",999,,FALSE,TRUE,TRUE
"kinghaggard",44,https://thelastunicorn.fandom.com/wiki/King_Haggard,FALSE,TRUE,TRUE
"btc_archive",666,,FALSE,TRUE,TRUE
"theforks",1234.5678,"If you really need to give a mate something special....!",FALSE,TRUE,TRUE
"dianuevo",111,"SP 'new day'.",FALSE,TRUE,TRUE
"vorgeschlagen",22,"DE verb:\n suggest, propose, put forward, nominate, propound",FALSE,TRUE,TRUE
"nuevosanjuan",111,"The _centre_ of the Americas lol .. central Central America, Panama",FALSE,TRUE,TRUE
"traviezas",22,"SP mischief",FALSE,TRUE,TRUE
"nuevovigia",11,"Panama, Central America",FALSE,TRUE,TRUE
"dijeron",77,"SP 'they said'",FALSE,TRUE,TRUE
"eachtoherown",22,,FALSE,TRUE,TRUE
"xn--6biz918m1uabaa",,,FALSE,TRUE,TRUE
"surfpismo",11,,FALSE,TRUE,TRUE
"nuevoguarare",11,"Panama, Central America",FALSE,TRUE,TRUE
"tufanganj",11,"An Eastern Indian city and a municipality of Cooch Behar district in the state of West Bengal.",FALSE,TRUE,TRUE
"acciontrabajo",11,"ES action work",FALSE,TRUE,TRUE
"nuevaitalia",33,"SP 'New Italy' .. Michoacán, Mexico ..OR.. Paraguay",FALSE,TRUE,TRUE
"takestan",20,"Siadehan or Siaden, aka Takestan, is a city and capital of Takestan County, in Qazvin Province, Iran; literally means "vineyard".",FALSE,TRUE,TRUE
"yourice",22,,FALSE,TRUE,TRUE
"xn--entrs-esa",,,FALSE,TRUE,TRUE
"xn--11bo3d2c1c",,,FALSE,TRUE,TRUE
"elgoogle",3190.0913,,FALSE,TRUE,TRUE
"xn--l1b6a5b9a9f",,,FALSE,TRUE,TRUE
"xn--d9b4ae0a3gef",,,FALSE,TRUE,TRUE
"xn--ai-on6cx8l",,,FALSE,TRUE,TRUE
"xn--meditation-4t2py55t",,,FALSE,TRUE,TRUE
"xn--meditating-4t2py55t",,,FALSE,TRUE,TRUE
"xn--shuttered-yl6n486r",,,FALSE,TRUE,TRUE
"idioot",55,,FALSE,TRUE,TRUE
"xn--ipad-kt5fz95h",,,FALSE,TRUE,TRUE
"xn--lebeb-8ra",,,FALSE,TRUE,TRUE
"xn--shutter-m43kr94o",,,FALSE,TRUE,TRUE
"xn--ms-ry2cs33g",,,FALSE,TRUE,TRUE
"xn--r1abl7a",,,FALSE,TRUE,TRUE
"xn--80apmj",,,FALSE,TRUE,TRUE
"xn--e1apl",,,FALSE,TRUE,TRUE
"xn--80aaty1a",,,FALSE,TRUE,TRUE
"xn--80auevl",,,FALSE,TRUE,TRUE
"xn--mxa6ajj",,,FALSE,TRUE,TRUE
"xn--80aaq9bh",,,FALSE,TRUE,TRUE
"mycatisfat",55,,FALSE,TRUE,TRUE
"kraftwerken",22,"DE 'power plants noun: power station'",FALSE,TRUE,TRUE
"painpal",22,,FALSE,TRUE,TRUE
"omgalol",22.2,,FALSE,TRUE,TRUE
"xn--qei0348muta",,,FALSE,TRUE,TRUE
"sensexoracle",22,,FALSE,TRUE,TRUE
"shopdaily",555,,FALSE,TRUE,TRUE
"xn--9o8hqe95ck0epa",,,FALSE,TRUE,TRUE
"salesweb",222,,FALSE,TRUE,TRUE
"artmajors",22,,FALSE,TRUE,TRUE
"artgalley",33,,FALSE,TRUE,TRUE
"ladyriders",111,,FALSE,TRUE,TRUE
"urbanforum",22,,FALSE,TRUE,TRUE
"booktrain",22,,FALSE,TRUE,TRUE
"rugbycamp",22,,FALSE,TRUE,TRUE
"travelfinds",22,,FALSE,TRUE,TRUE
"beerfeast",22,,FALSE,TRUE,TRUE
"starttravel",11,,FALSE,TRUE,TRUE
"silkcotton",11,,FALSE,TRUE,TRUE
"trickhorse",55,,FALSE,TRUE,TRUE
"arealmaps",11,,FALSE,TRUE,TRUE
"cafespice",55,,FALSE,TRUE,TRUE
"aztecmask",22,,FALSE,TRUE,TRUE
"turfcutter",22,,FALSE,TRUE,TRUE
"timelineapp",55,,FALSE,TRUE,TRUE
"createjob",22,,FALSE,TRUE,TRUE
"stonetype",22,,FALSE,TRUE,TRUE
"salespipe",222,,FALSE,TRUE,TRUE
"smileyapp",55,,FALSE,TRUE,TRUE
"windandsun",33,,FALSE,TRUE,TRUE
"spellmaster",222,,FALSE,TRUE,TRUE
"colorword",22,,FALSE,TRUE,TRUE
"targetbow",55,,FALSE,TRUE,TRUE
"wivestales",55,,FALSE,TRUE,TRUE
"touristmaps",444,,FALSE,TRUE,TRUE
"startdomain",33,,FALSE,TRUE,TRUE
"happyplant",77,,FALSE,TRUE,TRUE
"wildflowrs",22,,FALSE,TRUE,TRUE
"norise",22,"Latvian 'progress noun: procedure, process, run'",FALSE,TRUE,TRUE
"farmiliar",22,,FALSE,TRUE,TRUE
"tentcampers",22,,FALSE,TRUE,TRUE
"moscowembassy",22,,FALSE,TRUE,TRUE
"stoptrafficking",22,,FALSE,TRUE,TRUE
"londonbuildings",55,,FALSE,TRUE,TRUE
"namebooks",44,,FALSE,TRUE,TRUE
"starmoves",44,,FALSE,TRUE,TRUE
"voicewords",55,,FALSE,TRUE,TRUE
"passwordsharing",33,,FALSE,TRUE,TRUE
"rainforesttours",22,,FALSE,TRUE,TRUE
"specialdish",111,,FALSE,TRUE,TRUE
"marihuanna",222,,FALSE,TRUE,TRUE
"todaydate",55,,FALSE,TRUE,TRUE
"ratetable",55,,FALSE,TRUE,TRUE
"asktheinternet",222,,FALSE,TRUE,TRUE
"leathersupplies",22,,FALSE,TRUE,TRUE
"taxde",55,,FALSE,TRUE,TRUE
"djgigs",55,,FALSE,TRUE,TRUE
"hamburgerheaven",22,,FALSE,TRUE,TRUE
"unnel",33,"f.unnel | t.unnel | ch.unnel | ipt.unnel | g.unnel",FALSE,TRUE,TRUE
"usualstory",111,,FALSE,TRUE,TRUE
"netreq",111,,FALSE,TRUE,TRUE
"xn--on8ha90h53aca",,,FALSE,TRUE,TRUE
"wildnite",55,,FALSE,TRUE,TRUE
"mototravelers",22,,FALSE,TRUE,TRUE
"babywagon",22,,FALSE,TRUE,TRUE
"recipecart",22,,FALSE,TRUE,TRUE
"howtostartadiet",22,,FALSE,TRUE,TRUE
"canadaworkvisa",222,,FALSE,TRUE,TRUE
"earthchronicles",22,,FALSE,TRUE,TRUE
"fertilityfoods",22,,FALSE,TRUE,TRUE
"firstcaribbean",11,,FALSE,TRUE,TRUE
"californiagold",22,,FALSE,TRUE,TRUE
"biologyforkids",22,,FALSE,TRUE,TRUE
"calendarjournal",22,,FALSE,TRUE,TRUE
"aiquery",222,,FALSE,TRUE,TRUE
"friendlyfellow",11,,FALSE,TRUE,TRUE
"dudebrew",22,,FALSE,TRUE,TRUE
"hergear",555,,FALSE,TRUE,TRUE
"ecoherald",22,,FALSE,TRUE,TRUE
"nicedear",22,,FALSE,TRUE,TRUE
"nicesync",55,,FALSE,TRUE,TRUE
"vapenight",55,,FALSE,TRUE,TRUE
"astrodawn",55,,FALSE,TRUE,TRUE
"drugdex",222,,FALSE,TRUE,TRUE
"uneidlich",22,,FALSE,TRUE,TRUE
"spacexstock",55,,FALSE,TRUE,TRUE
"beefprice",222,,FALSE,TRUE,TRUE
"cheappart",22,,FALSE,TRUE,TRUE
"depotrestaurant",22,,FALSE,TRUE,TRUE
"createyourhappy",11,,FALSE,TRUE,TRUE
"cookingwithbeer",22,,FALSE,TRUE,TRUE
"inmatesontheweb",11,,FALSE,TRUE,TRUE
"brooklyntourism",22,,FALSE,TRUE,TRUE
"creditprovider",22,,FALSE,TRUE,TRUE
"everythingcheap",22,,FALSE,TRUE,TRUE
"gulfwartimeline",11,,FALSE,TRUE,TRUE
"electricwelding",11,,FALSE,TRUE,TRUE
"hiddenbookshelf",11,,FALSE,TRUE,TRUE
"internetroaming",22,,FALSE,TRUE,TRUE
"autospecialties",11,,FALSE,TRUE,TRUE
"blankbackground",11,,FALSE,TRUE,TRUE
"fightingchairs",11,,FALSE,TRUE,TRUE
"christmasraffle",11,,FALSE,TRUE,TRUE
"bestsoundtrack",11,,FALSE,TRUE,TRUE
"getmeouttahere",22,,FALSE,TRUE,TRUE
"enjoythemoments",11,,FALSE,TRUE,TRUE
"englishcastles",111,,FALSE,TRUE,TRUE
"clearsunglasses",22,,FALSE,TRUE,TRUE
"equestriancoach",22,,FALSE,TRUE,TRUE
"onlineshopchina",22,,FALSE,TRUE,TRUE
"exhibitservice",22,,FALSE,TRUE,TRUE
"chaletski",22,,FALSE,TRUE,TRUE
"snowbrand",22,,FALSE,TRUE,TRUE
"siteologist",22,,FALSE,TRUE,TRUE
"deskheaven",22,,FALSE,TRUE,TRUE
"resourcio",55,,FALSE,TRUE,TRUE
"mintsilo",33,,FALSE,TRUE,TRUE
"twofanatics",22,,FALSE,TRUE,TRUE
"rentboards",22,,FALSE,TRUE,TRUE
"xempted",22,,FALSE,TRUE,TRUE
"sportcritic",222,,FALSE,TRUE,TRUE
"lustfullove",111,,FALSE,TRUE,TRUE
"indexpenny",55,,FALSE,TRUE,TRUE
"graduationnight",22,,FALSE,TRUE,TRUE
"surjan",55,,FALSE,TRUE,TRUE
"activewager",22,,FALSE,TRUE,TRUE
"wokegeek",55,,FALSE,TRUE,TRUE
"brokenigger",55,"broke nigger | broken nigger",FALSE,TRUE,TRUE
"moremart",111,,FALSE,TRUE,TRUE
"simfile",22,,FALSE,TRUE,TRUE
"52-cardpickup",52,,FALSE,TRUE,TRUE
"dadsofdiy",55,,FALSE,TRUE,TRUE
"lifespin",222,,FALSE,TRUE,TRUE
"overearn",55,,FALSE,TRUE,TRUE
"trigerd",111,,FALSE,TRUE,TRUE
"xxxxxxxxxxxxxxxxxxxxxxxxxxxxx",22,,FALSE,TRUE,TRUE
"raredrinks",22,,FALSE,TRUE,TRUE
"lemonfa",11,,FALSE,TRUE,TRUE
"nastyuk",222,"nasty yuk | nasty UK",FALSE,TRUE,TRUE
"manxiety",55,,FALSE,TRUE,TRUE
"vaccinedesk",22,,FALSE,TRUE,TRUE
"familyfirewall",22,,FALSE,TRUE,TRUE
"europlus",22,,FALSE,TRUE,TRUE
"dadgets",55,,FALSE,TRUE,TRUE
"zledgehog",11,,FALSE,TRUE,TRUE
"greymobile",11,,FALSE,TRUE,TRUE
"tribalsite",111,,FALSE,TRUE,TRUE
"sitesite",111,the.sitesite,FALSE,TRUE,TRUE
"flag-store",22,,FALSE,TRUE,TRUE
"indiaway",222,"India way | India away",FALSE,TRUE,TRUE
"cafesito",44,"ES 'little coffee'",FALSE,TRUE,TRUE
"spanishdelight",22,,FALSE,TRUE,TRUE
"degenzoo",111,,FALSE,TRUE,TRUE
"assassina",22,,FALSE,TRUE,TRUE
"usahere",55,,FALSE,TRUE,TRUE
"rastamagic",33,,FALSE,TRUE,TRUE
"protoprogram",22,,FALSE,TRUE,TRUE
"appproposal",22,,FALSE,TRUE,TRUE
"fortunetrain",22,,FALSE,TRUE,TRUE
"firemama",55,,FALSE,TRUE,TRUE
"estyled",33,,FALSE,TRUE,TRUE
"flipyeah",55,,FALSE,TRUE,TRUE
"binaryarea",22,,FALSE,TRUE,TRUE
"bloodinstinct",22,,FALSE,TRUE,TRUE
"stardiets",55,,FALSE,TRUE,TRUE
"globalmachinery",22,,FALSE,TRUE,TRUE
"naturaled",33,"natural LED",FALSE,TRUE,TRUE
"1000words",1111,"Just picture it .....!",FALSE,TRUE,TRUE
"everyai",222,,FALSE,TRUE,TRUE
"lunarai",222,,FALSE,TRUE,TRUE
"howdoibuy",33,,FALSE,TRUE,TRUE
"moreshop",111,,FALSE,TRUE,TRUE
"4zen",444,,FALSE,TRUE,TRUE
"247w3",111,,FALSE,TRUE,TRUE
"rob-u",55,,FALSE,TRUE,TRUE
"u-rob",55,,FALSE,TRUE,TRUE
"domain-gallery",55,,FALSE,TRUE,TRUE
"nseth",44,,FALSE,TRUE,TRUE
"app1a",22,,FALSE,TRUE,TRUE
"r8edu",44,,FALSE,TRUE,TRUE
"r8eth",88,,FALSE,TRUE,TRUE
"ethyk",888,,FALSE,TRUE,TRUE
"sayut",222,,FALSE,TRUE,TRUE
"illionth",111,,FALSE,TRUE,TRUE
"darkwebai",55,,FALSE,TRUE,TRUE
"grandchat",55,,FALSE,TRUE,TRUE
"archiex",22,,FALSE,TRUE,TRUE
"tronaut",22,,FALSE,TRUE,TRUE
"boredaip",111,,FALSE,TRUE,TRUE
"boundaryrider",33,,FALSE,TRUE,TRUE
"eatark",22,,FALSE,TRUE,TRUE
"ezhot",55,,FALSE,TRUE,TRUE
"rylife",22,,FALSE,TRUE,TRUE
"openuser",111,,FALSE,TRUE,TRUE
"2finity",22,,FALSE,TRUE,TRUE
"ucorps",222,,FALSE,TRUE,TRUE
"lifebets",33,,FALSE,TRUE,TRUE
"treattrove",22,,FALSE,TRUE,TRUE
"travelzooz",22,,FALSE,TRUE,TRUE
"worldtrail",22,,FALSE,TRUE,TRUE
"giftxmas",22,,FALSE,TRUE,TRUE
"technothink",22,"techno-think | tech-no-think",FALSE,TRUE,TRUE
"wealthworx",22,,FALSE,TRUE,TRUE
"6gun",666,,FALSE,TRUE,TRUE
"morevote",33,,FALSE,TRUE,TRUE
"morelaws",22,,FALSE,TRUE,TRUE
"ecotraders",55,,FALSE,TRUE,TRUE
"ecoutility",55,,FALSE,TRUE,TRUE
"grandmoon",111,,FALSE,TRUE,TRUE
"pornosession",55,,FALSE,TRUE,TRUE
"minerz",1010,,FALSE,TRUE,TRUE
"healthmed",22,,FALSE,TRUE,TRUE
"furryfrenz",22.22,,FALSE,TRUE,TRUE
"eatfrenzy",22,,FALSE,TRUE,TRUE
"xn--9o8hqe95ck0eqa",,,FALSE,TRUE,TRUE
"aiguides",222,,FALSE,TRUE,TRUE
"trappists",44,,FALSE,TRUE,TRUE
"hodlbag",777,,FALSE,TRUE,TRUE
"seochecker",201,,FALSE,TRUE,TRUE
"precrowd",999,,FALSE,TRUE,TRUE
"hagsdorf",44,"Bavarian town",FALSE,TRUE,TRUE
"xn--lo8hk4aycty",,,FALSE,TRUE,TRUE
"xn--64h4989nda",,,FALSE,TRUE,TRUE
"holistique",2788,"FR 'holistic'.",FALSE,TRUE,TRUE
"fishroe",55,,FALSE,TRUE,TRUE
"unlipped",22,,FALSE,TRUE,TRUE
"darkdweb",888,,FALSE,TRUE,TRUE
"rched",33,,FALSE,TRUE,TRUE
"xn--pciv848mbda",,,FALSE,TRUE,TRUE
"retyped",100,"Whether it be re-styled, or put in a new format some other way, this would seem a most useful name.",FALSE,TRUE,TRUE
"xn--gs8hvx",,,FALSE,TRUE,TRUE
"xn--2p8h3cy7m",,,FALSE,TRUE,TRUE
"xn--h4h8091oja",,,FALSE,TRUE,TRUE
"xn--h4h2510oi9c",,,FALSE,TRUE,TRUE
"earmint",22,,FALSE,TRUE,TRUE
"w3belf",33,,FALSE,TRUE,TRUE
"readabl",55,,FALSE,TRUE,TRUE
"agiftforyou",55,,FALSE,TRUE,TRUE
"xn--hoh66f56ag053i",,,FALSE,TRUE,TRUE
"chingoje",80,"A park in Iringa, Tanzania; or Spanish 'shit' (by Ggl-Transl8).",FALSE,TRUE,TRUE
"dimuanya",22,"Indonesian 'in all'; Angolan town.",FALSE,TRUE,TRUE
"arsenal-fan",33,,FALSE,TRUE,TRUE
"xn--ml8hc72p",,,FALSE,TRUE,TRUE
"xn--64h4989n",,,FALSE,TRUE,TRUE
"geigers",69,,FALSE,TRUE,TRUE
"token-wallet",111,,FALSE,TRUE,TRUE
"birthdaybot",22,,FALSE,TRUE,TRUE
"tweenparty",22,,FALSE,TRUE,TRUE
"ganjagrotto",22.22,,FALSE,TRUE,TRUE
"xn--5p9hia",,,FALSE,TRUE,TRUE
"xn--53h0179n6wabe48i",22,-bee-tea-see-rocket-moon-,FALSE,TRUE,TRUE
"xn--0p9hyl",,,FALSE,TRUE,TRUE
"xn--v4h83a2671i",,,FALSE,TRUE,TRUE
"branchise",444,,FALSE,TRUE,TRUE
"xn--f77hbd1d",,,FALSE,TRUE,TRUE
"xn--2p8h50f",,,FALSE,TRUE,TRUE
"manfriday",11,,FALSE,TRUE,TRUE
"ndations",22,,FALSE,TRUE,TRUE
"slowtravel",555,,FALSE,TRUE,TRUE
"poppizzazz",22,,FALSE,TRUE,TRUE
"cevichebar",22,,FALSE,TRUE,TRUE
"crooksncastles",444,https://crooksncastles.com/pages/about-us,FALSE,TRUE,TRUE
"xn--6bi2648mteaa",,,FALSE,TRUE,TRUE
"barnaclebob",11,"An octopus from the Freddi Fish series; he always says everything in rhyme.... OR .... A celebrity living among a group of people, unknown.",FALSE,TRUE,TRUE
"blackflat",22,"coffee, or bitumen ... ?? :-)",FALSE,TRUE,TRUE
"blackmount",111,,FALSE,TRUE,TRUE
"bluffrock",22,,FALSE,TRUE,TRUE
"blueknob",22,,FALSE,TRUE,TRUE
"boggyplain",11,,FALSE,TRUE,TRUE
"bangaroo",444,"Just don't ask awkward questions.......!",FALSE,TRUE,TRUE
"bigbell",22,,FALSE,TRUE,TRUE
"caioxo",90,"Portuguese, caio: ENGLISH, fall ..\n'get well soon' or 'kiss it better' :-) \n",FALSE,TRUE,TRUE
"kittenegg",999,"Imagine it :-) !!",FALSE,TRUE,TRUE
"kittenbach",555,"Town in Styria, Austria .. or a very musical young cat!",FALSE,TRUE,TRUE
"kittenberg",444,"A town in Bavaria .. or a _very_ large young cat!",FALSE,TRUE,TRUE
"biddeston",22,"Rural town and locality in the Toowoomba Region, Queensland, Australia. In the 2016 census, Biddeston had a population of 284 people.",FALSE,TRUE,TRUE
"vulpmes",22,,FALSE,TRUE,TRUE
"waben",88,"DE honeycomb",FALSE,TRUE,TRUE
"gehort",444,"DE verb - belong, pertain, appertain, deserve",FALSE,TRUE,TRUE
"mindfulnessmatters",22.22,,FALSE,TRUE,TRUE
"dyeing",456,"Color/colour your life!! :-)",FALSE,TRUE,TRUE
"xn--kg8h8m",,,FALSE,TRUE,TRUE
"s-e-l-l",777,,FALSE,TRUE,TRUE
"xn--57h4771o",,,FALSE,TRUE,TRUE
"xn--57h0579n",,,FALSE,TRUE,TRUE
"daycrypto",4321,,FALSE,TRUE,TRUE
"cryptostill",213,,FALSE,TRUE,TRUE
"cryptostep",211,,FALSE,TRUE,TRUE
"cryptoshoot",2112,,FALSE,TRUE,TRUE
"xn--on8hea15ab",,,FALSE,TRUE,TRUE
"xn--nl8h91b",,,FALSE,TRUE,TRUE
"fingerspelling",333,"Representation of the letters of a writing system, and sometimes numeral systems, using only the hands.",FALSE,TRUE,TRUE
"thenbtc",333,,FALSE,TRUE,TRUE
"cryptofact",333,,FALSE,TRUE,TRUE
"rebelnomad",55,,FALSE,TRUE,TRUE
"changestate",22,,FALSE,TRUE,TRUE
"trans-action",44,,FALSE,TRUE,TRUE
"ohforkme",44,,FALSE,TRUE,TRUE
"xn--is8hka",,,FALSE,TRUE,TRUE
"glucklich",444,"DE adjective - happy, lucky, fortunate .. adverb - happily, by luck, through luck",FALSE,TRUE,TRUE
"lostbtc",222,,FALSE,TRUE,TRUE
"j33z",55,,FALSE,TRUE,TRUE
"xn--9o8hkhx1j",,,FALSE,TRUE,TRUE
"price-watch",44,,FALSE,TRUE,TRUE
"facebookhelp",11,,FALSE,TRUE,TRUE
"bigbog",55,,FALSE,TRUE,TRUE
"truffledog",44,,FALSE,TRUE,TRUE
"nfteggsurprise",444,,FALSE,TRUE,TRUE
"webfintech",68,,FALSE,TRUE,TRUE
"bagaco",222,"bag a co [grab a company] \ PT 'brandy'",FALSE,TRUE,TRUE
"xn--64h4989nca",,,FALSE,TRUE,TRUE
"xn--pr9hwa23a",,,FALSE,TRUE,TRUE
"highfivehandshake",555,,FALSE,TRUE,TRUE
"astronews",66,,FALSE,TRUE,TRUE
"quirioco",,,FALSE,TRUE,TRUE
"bananapocket",22,"Town in Whitsunday (Queensland) is a town in Australia ... or .. is that a banana in your pocket, or are you just glad to see me...?",FALSE,TRUE,TRUE
"hungerburg",77,,FALSE,TRUE,TRUE
"truffledoge",444,,FALSE,TRUE,TRUE
"kienegg",11,""'Was" [Maltese] egg; otherwise situated in Neunkirchen, Niederosterreich, Austria.",FALSE,TRUE,TRUE
"musketeerscharacters",88,,FALSE,TRUE,TRUE
"xn--6bi2648mkbaa",,,FALSE,TRUE,TRUE
"xn--l3h20aja22528bfaghij",,,FALSE,TRUE,TRUE
"pairoff",55,,FALSE,TRUE,TRUE
"trufflepig",44,,FALSE,TRUE,TRUE
"bighandshake",555,,FALSE,TRUE,TRUE
"fliyer",22,[flier\flyer],FALSE,TRUE,TRUE
"ambonga",11,,FALSE,TRUE,TRUE
"tobut",2222,"to say 'but...' [OR.. Uzbek 'coffin' .. OR .. a populated place in the municipality of Lopare, Bosnia and Herzegovina]",FALSE,TRUE,TRUE
"bokowen",55,"Polish sideways",FALSE,TRUE,TRUE
"xn--ml8hc63p",,,FALSE,TRUE,TRUE
"xn--t38hmg",,,FALSE,TRUE,TRUE
"xn--q68hp5c",,,FALSE,TRUE,TRUE
"xn--j38h5g",,,FALSE,TRUE,TRUE
"twitwise",22,,FALSE,TRUE,TRUE
"closetimes",22,,FALSE,TRUE,TRUE
"territoriums",55,"plural - The land around or within the boundaries of a town; territory [latin]",FALSE,TRUE,TRUE
"xn--g6h9410oeaesot60sdxq",,,FALSE,TRUE,TRUE
"blockcorp",1515,,FALSE,TRUE,TRUE
"freeworlddomains",55,,FALSE,TRUE,TRUE
"xn--v4h8220o",,,FALSE,TRUE,TRUE
"dogevote",444,,FALSE,TRUE,TRUE
"xn--em8hzc61p",,,FALSE,TRUE,TRUE
"cryptoyet",211,,FALSE,TRUE,TRUE
"divergentcapital",321,,FALSE,TRUE,TRUE
"chainarts",22,,FALSE,TRUE,TRUE
"cryptoblue",333,,FALSE,TRUE,TRUE
"cryptotype",333,,FALSE,TRUE,TRUE
"btcsimilar",99,,FALSE,TRUE,TRUE
"coinpush",99,,FALSE,TRUE,TRUE
"thatblockchain",22,,FALSE,TRUE,TRUE
"hangblockchain",22,,FALSE,TRUE,TRUE
"xn--7biw910n",,,FALSE,TRUE,TRUE
"xn--8biw468m",,,FALSE,TRUE,TRUE
"ucubit",22,,FALSE,TRUE,TRUE
"godupdates",555,,FALSE,TRUE,TRUE
"onestraw",22,,FALSE,TRUE,TRUE
"geometra",222,"IN 'geometrician' | genus of moths",FALSE,TRUE,TRUE
"movenft",1414,,FALSE,TRUE,TRUE
"nudetoken",111,,FALSE,TRUE,TRUE
"grabac",55,"ES 'record'",FALSE,TRUE,TRUE
"xn--eih9625p",,,FALSE,TRUE,TRUE
"eartharoma",22,,FALSE,TRUE,TRUE
"finew3b",33,,FALSE,TRUE,TRUE
"oldnerd",55,,FALSE,TRUE,TRUE
"digitrail",55,,FALSE,TRUE,TRUE
"bitcoinstacker",111,,FALSE,TRUE,TRUE
"kaliyuga",22,,FALSE,TRUE,TRUE
"xn--ug8h7a",,,FALSE,TRUE,TRUE
"nftvisa",88,,FALSE,TRUE,TRUE
"dighair",22,,FALSE,TRUE,TRUE
"diganga",22,,FALSE,TRUE,TRUE
"grabezmala",22,"BU 'grabbed' .. \ni grabbed it - you can too!",FALSE,TRUE,TRUE
"gostilij",111,"Slovenian 'inns'",FALSE,TRUE,TRUE
"kelime",222,,FALSE,TRUE,TRUE
"tiskovac",22,"Czech 'printer' [OR .. a place is situated in Zadar-Knin, Croatia]",FALSE,TRUE,TRUE
"privacyapp",66,,FALSE,TRUE,TRUE
"superscalar",44,,FALSE,TRUE,TRUE
"aklame",55,"Haitian Creole 'acclaimed'",FALSE,TRUE,TRUE
"xn--lv8hii",,,FALSE,TRUE,TRUE
"systray",44,,FALSE,TRUE,TRUE
"up-skill",444,,FALSE,TRUE,TRUE
"xn--fiq241nqud",,,FALSE,TRUE,TRUE
"boassa",999,"PT 'goodness'",FALSE,TRUE,TRUE
"bosseye",555,"In jamaica this word means looking or waiting for a bus; in trinidad it means looking or wanting to get punched [urbandictionary].",FALSE,TRUE,TRUE
"betraders",22,,FALSE,TRUE,TRUE
"galaxyglow",22,,FALSE,TRUE,TRUE
"charababil",11,"village in Raipur, India",FALSE,TRUE,TRUE
"bodgi",44,,FALSE,TRUE,TRUE
"dugolaz",55,"Croatian 'long-distance'",FALSE,TRUE,TRUE
"alphashake",33,,FALSE,TRUE,TRUE
"srednje",22,"Slovenian 'medium'",FALSE,TRUE,TRUE
"spasovnica",22,"BU lifeguard",FALSE,TRUE,TRUE
"naturecrossroad",22.22,,FALSE,TRUE,TRUE
"sys-admin",66,,FALSE,TRUE,TRUE
"xn--mn8h7ez3c",,,FALSE,TRUE,TRUE
"how2code",222,,FALSE,TRUE,TRUE
"changeblockchain",22,,FALSE,TRUE,TRUE
"spacecraft-shop",11,,FALSE,TRUE,TRUE
"yummyfoodbites",22,,FALSE,TRUE,TRUE
"xn--5k8h7s",,,FALSE,TRUE,TRUE
"cryptominersgroup",170,,FALSE,TRUE,TRUE
"torosbravos",111,,FALSE,TRUE,TRUE
"handshakeoasis",555,,FALSE,TRUE,TRUE
"nowhandshake",555,,FALSE,TRUE,TRUE
"wildcaughtfish",555,,FALSE,TRUE,TRUE
"respondwell",11,,FALSE,TRUE,TRUE
"typecasting",444,,FALSE,TRUE,TRUE
"tradebody",444,,FALSE,TRUE,TRUE
"titlebar",44,,FALSE,TRUE,TRUE
"supernovaremnant",22,,FALSE,TRUE,TRUE
"comunidadrodeo",11,"ES community rodeo",FALSE,TRUE,TRUE
"axinim",22,"axin' 'im [giving him the boot\sack]",FALSE,TRUE,TRUE
"poddrezanj",55,"Slovenian 'undercuts'",FALSE,TRUE,TRUE
"azevedosodre",22,"PT sourdough",FALSE,TRUE,TRUE
"reeferparadise",22.22,,FALSE,TRUE,TRUE
"dondaii",22,,FALSE,TRUE,TRUE
"dongi",99,"Put on a gi [JP martial arts suit].",FALSE,TRUE,TRUE
"sumjet",55,"some jet .. pick your airline [and its cost] !",FALSE,TRUE,TRUE
"000acr",99,"ooo's of acres [for sale]",FALSE,TRUE,TRUE
"gomasta",111,"Master of Go language",FALSE,TRUE,TRUE
"bamnia",22,"Jhabua district, Madhya Pradesh, India",FALSE,TRUE,TRUE
"andudu",111,".. and doodoo .. well, wot a load of ..........!",FALSE,TRUE,TRUE
"banbaria",22,,FALSE,TRUE,TRUE
"andata",2222,"and data [OR .. IT 'gone']",FALSE,TRUE,TRUE
"gamifies",555,,FALSE,TRUE,TRUE
"tipure",11,,FALSE,TRUE,TRUE
"tilava",22,"FI 'spacious'",FALSE,TRUE,TRUE
"timarci",11,"located in Bosnia and Herzegovina about 102 mi (or 163 km) north-west of Sarajevo, the country's capital",FALSE,TRUE,TRUE
"spraca",22,"PO runs back",FALSE,TRUE,TRUE
"srebrnica",111,https://en.wikipedia.org/wiki/Srebrenica,FALSE,TRUE,TRUE
"sokolice",55,"Croatian falcons",FALSE,TRUE,TRUE
"sorde",111,"IT deaf",FALSE,TRUE,TRUE
"srebrnik",22,"Slovenian silver",FALSE,TRUE,TRUE
"meetblockchain",11,,FALSE,TRUE,TRUE
"spanici",111,"IT spanic",FALSE,TRUE,TRUE
"sosici",111,"SOS ici FR] - 'Help here!' .. ALSO a place in Croatia",FALSE,TRUE,TRUE
"solaje",111,"ES solace",FALSE,TRUE,TRUE
"spreca",22,"IT 'wastes'",FALSE,TRUE,TRUE
"solici",222,"ES 'I requested'",FALSE,TRUE,TRUE
"podgalevi",22,"BU subchapters",FALSE,TRUE,TRUE
"posern",22,"Was a province of Prussia; present-day Poznań, Poland - https://en.wikipedia.org/wiki/Province_of_Posen [also surname]",FALSE,TRUE,TRUE
"arroiodaseca",11,"PT stream-drought",FALSE,TRUE,TRUE
"argolas",22,"PT ring, hoop, link",FALSE,TRUE,TRUE
"pervici",11,"perv is he'",FALSE,TRUE,TRUE
"arrieiro",11,"Galician carrier",FALSE,TRUE,TRUE
"baiabranca",22,"PT white bay",FALSE,TRUE,TRUE
"osterwasser",22,,FALSE,TRUE,TRUE
"banagram",22,,FALSE,TRUE,TRUE
"ofenau",55,"of English Australian",FALSE,TRUE,TRUE
"ovcari",22,"Bosnian 'sheep'",FALSE,TRUE,TRUE
"pyot",444.44,"pik-ur-own-talent\team\time\trash | Put Yourself Out There | Print Your Own Tee | magpie | piebald horse",FALSE,TRUE,TRUE
"xn--45qu04cprp",,,FALSE,TRUE,TRUE
"ozreni",22,"BU 'mature'",FALSE,TRUE,TRUE
"xn--55q5d944a",,,FALSE,TRUE,TRUE
"xn--fiqr1kovf8vfd89d",,,FALSE,TRUE,TRUE
"xn--fiqr1kb8cf1cus5h",,,FALSE,TRUE,TRUE
"xn--4kqw3e63mcrc",,,FALSE,TRUE,TRUE
"xn--v77hga61r",,,FALSE,TRUE,TRUE
"xn--53tu51j",,,FALSE,TRUE,TRUE
"xn--g77hwa349aca",,,FALSE,TRUE,TRUE
"neversaygoodbye",55,,FALSE,TRUE,TRUE
"xn--xp8hyg",,,FALSE,TRUE,TRUE
"sping",22,,FALSE,TRUE,TRUE
"bootos",3333,"boot OS",FALSE,TRUE,TRUE
"uri30",15,"Uniform Resource Identifier | URI-30 Bladder control,Stops Urges,Frequent Urination,Homeopathic Pills.Urinary Incontinence",FALSE,TRUE,TRUE
"tkoin",111,"tko [total knockout] coin",FALSE,TRUE,TRUE
"mysite21",55,,FALSE,TRUE,TRUE
"falcondo",44,"Falconbridge Dominicana S.A. (Falcondo), owned by Americano Nickel Ltd, operates the Falcondo ferronickel mine in the Dominican Republic.",FALSE,TRUE,TRUE
"dynotic",22,,FALSE,TRUE,TRUE
"qwipper",22,,FALSE,TRUE,TRUE
"coolary",111,"a Studio on Scratch",FALSE,TRUE,TRUE
"vrdrift",222,,FALSE,TRUE,TRUE
"menumap",55,,FALSE,TRUE,TRUE
"seosy",55,,FALSE,TRUE,TRUE
"dellage",11,,FALSE,TRUE,TRUE
"windivo",22,,FALSE,TRUE,TRUE
"dopego",222,"ES 'i hit' | PT 'of the caught'",FALSE,TRUE,TRUE
"zenment",44,,FALSE,TRUE,TRUE
"pubmata",22,,FALSE,TRUE,TRUE
"biairdrop",22,,FALSE,TRUE,TRUE
"mintila",222,"Mintila Hot Chocolate (Tequila Mint)",FALSE,TRUE,TRUE
"skichains",99,,FALSE,TRUE,TRUE
"coinbeg",555,,FALSE,TRUE,TRUE
"btcprincess",444,,FALSE,TRUE,TRUE
"cryptopersia",777,,FALSE,TRUE,TRUE
"smilesdebit",11,,FALSE,TRUE,TRUE
"pharmapurse",11,,FALSE,TRUE,TRUE
"habitsaver",22,,FALSE,TRUE,TRUE
"coindav",11,,FALSE,TRUE,TRUE
"crohnsquiz",55,,FALSE,TRUE,TRUE
"getbtcx",111,,FALSE,TRUE,TRUE
"digitallivre",22,,FALSE,TRUE,TRUE
"googlez",1234,,FALSE,TRUE,TRUE
"wildwallaby",222,,FALSE,TRUE,TRUE
"chinesewine",888,,FALSE,TRUE,TRUE
"stoicslime",55,,FALSE,TRUE,TRUE
"xn--b00bies",,,FALSE,TRUE,TRUE
"bestcoins",444,,FALSE,TRUE,TRUE
"schaerme",222,"DE 'scare'",FALSE,TRUE,TRUE
"pept",444.44,"excited, 'pepped' | Philippine Educational Placement Test",FALSE,TRUE,TRUE
"geyi",44,,FALSE,TRUE,TRUE
"vuec",44,,FALSE,TRUE,TRUE
"dicts",111,"dictionaries \ dictates",FALSE,TRUE,TRUE
"n-u-d-e",111,,FALSE,TRUE,TRUE
"tro1",111,,FALSE,TRUE,TRUE
"bucketing",22,,FALSE,TRUE,TRUE
"humantax",55,,FALSE,TRUE,TRUE
"phoenixed",55,,FALSE,TRUE,TRUE
"xn--is8ha8b",,,FALSE,TRUE,TRUE
"xn--vs8hdjn",,,FALSE,TRUE,TRUE
"cryptoasians",888,,FALSE,TRUE,TRUE
"digitaldoza",11,,FALSE,TRUE,TRUE
"btcstockpile",111,,FALSE,TRUE,TRUE
"xn--pps-5ycb",,,FALSE,TRUE,TRUE
"nonphixion",55,,FALSE,TRUE,TRUE
"growdao",22,,FALSE,TRUE,TRUE
"xn--v4h9380o",,,FALSE,TRUE,TRUE
"noshnest",22,,FALSE,TRUE,TRUE
"xn--ns8hnvne",,,FALSE,TRUE,TRUE
"xn--g28hib",,,FALSE,TRUE,TRUE
"xn--h4hz770o",,,FALSE,TRUE,TRUE
"xn--5biy519m",,,FALSE,TRUE,TRUE
"xn--v4h1191o",,,FALSE,TRUE,TRUE
"xn--v4h5480o",,,FALSE,TRUE,TRUE
"xn--v4h9091o",,,FALSE,TRUE,TRUE
"xn--us8hz5e",,,FALSE,TRUE,TRUE
"xn--xv8h9o",,,FALSE,TRUE,TRUE
"xn--dux-u19a",,,FALSE,TRUE,TRUE
"multitrip",444,,FALSE,TRUE,TRUE
"uddl",444.44,"p.uddl/ | m.uddl/ | bef.uddle/ | c.uddl/ | h.uddl/",FALSE,TRUE,TRUE
"deow",444.44,"remove pain [de-'ow'] - 'healing'",FALSE,TRUE,TRUE
"countme",555,,FALSE,TRUE,TRUE
"indiair",555,,FALSE,TRUE,TRUE
"xn--gecl5dc",,,FALSE,TRUE,TRUE
"xn--oe-ema",,,FALSE,TRUE,TRUE
"xn--loda5ab",,,FALSE,TRUE,TRUE
"xn--80aab1h",,,FALSE,TRUE,TRUE
"xn--e1ar1a",,,FALSE,TRUE,TRUE
"xn--ggb5fxg",,,FALSE,TRUE,TRUE
"dints",111,,FALSE,TRUE,TRUE
"dipso",111,"Slang: Disparaging and Offensive. a habitual drinker of alcohol who is frequently intoxicated; a dipsomaniac",FALSE,TRUE,TRUE
"dirke",22,,FALSE,TRUE,TRUE
"xn--y9aowv9c",,,FALSE,TRUE,TRUE
"xn--g77hwa23s",,,FALSE,TRUE,TRUE
"xn--0s8ha884a",,,FALSE,TRUE,TRUE
"xn--r77hna07v",,,FALSE,TRUE,TRUE
"xn--26hwd1683fba",,,FALSE,TRUE,TRUE
"xn--i48hg6chc",,,FALSE,TRUE,TRUE
"ifeelhappyandexcited",55,,FALSE,TRUE,TRUE
"theworldisawonderfulplace",55,,FALSE,TRUE,TRUE
"diplomatwallet",55,,FALSE,TRUE,TRUE
"startyourblockchain",55,,FALSE,TRUE,TRUE
"universalearning",444,,FALSE,TRUE,TRUE
"dialecticalmaterialism",7,,FALSE,TRUE,TRUE
"xn--hvn-xr5ab",,,FALSE,TRUE,TRUE
"bytecoinbroker",111,,FALSE,TRUE,TRUE
"farmingfriends",55.55,,FALSE,TRUE,TRUE
"digitaldwellers",55.55,,FALSE,TRUE,TRUE
"hourdefi",66,,FALSE,TRUE,TRUE
"chinarang",888,,FALSE,TRUE,TRUE
"chakratala",22,"small cymbals",FALSE,TRUE,TRUE
"cantori",555,"IT 'singers'",FALSE,TRUE,TRUE
"chinarati",888,,FALSE,TRUE,TRUE
"carbonita",111,"ES 'carbonite'",FALSE,TRUE,TRUE
"damerchar",11,,FALSE,TRUE,TRUE
"chausi",44,"chausi [or chausie] is a cross between a domestic cat and another non-Felis silvestris, the jungle cat found in Asia",FALSE,TRUE,TRUE
"deodasa",22,"PT 'toothy'",FALSE,TRUE,TRUE
"choffee",333,,FALSE,TRUE,TRUE
"domany",44,"do many",FALSE,TRUE,TRUE
"bychikha",22,,FALSE,TRUE,TRUE
"damaoil",22,"Scots Gaelic 'damages'",FALSE,TRUE,TRUE
"chakrapara",22,"ES chakra 'to\for'",FALSE,TRUE,TRUE
"bushmin",22,,FALSE,TRUE,TRUE
"domoslave",44,"house [Esperanto] slave",FALSE,TRUE,TRUE
"bungenie",22,,FALSE,TRUE,TRUE
"buzinanbi",11,"PT 'horn horn'",FALSE,TRUE,TRUE
"buzingo",22,"PT 'horn'",FALSE,TRUE,TRUE
"bet-wins",22,,FALSE,TRUE,TRUE
"xn--fiq86kg7ekzk",,,FALSE,TRUE,TRUE
"xn--80aab1b7ctb",,,FALSE,TRUE,TRUE
"xn--9hcd8cb",,,FALSE,TRUE,TRUE
"xn--e2b8ah9b",,,FALSE,TRUE,TRUE
"xn--80aag",,,FALSE,TRUE,TRUE
"xn--tat-cpa",,,FALSE,TRUE,TRUE
"xn--oidg6c1h",,,FALSE,TRUE,TRUE
"xn--tvas-vva",,,FALSE,TRUE,TRUE
"xn--goc6dh4c1dzd",,,FALSE,TRUE,TRUE
"xn--80aal6bi",,,FALSE,TRUE,TRUE
"xn--80ab2aqs4d",,,FALSE,TRUE,TRUE
"10100111001",7331,"binary of 1337 decimal [leet = elite]",FALSE,TRUE,TRUE
"xn--mgbpbq3ib",,,FALSE,TRUE,TRUE
"xn--rlcal3kxa",,,FALSE,TRUE,TRUE
"xn--makuakne-m7a",,,FALSE,TRUE,TRUE
"xn--ixahb1dhnd",,,FALSE,TRUE,TRUE
"xn--uvc6bd3rpi",,,FALSE,TRUE,TRUE
"rememe",555,,FALSE,TRUE,TRUE
"budslaw",22,,FALSE,TRUE,TRUE
"xn--z38hde",,,FALSE,TRUE,TRUE
"dolea",2222,"ES 'it hurts'",FALSE,TRUE,TRUE
"xn--9n8hpt",,,FALSE,TRUE,TRUE
"eculture",333,,FALSE,TRUE,TRUE
"emilitary",333,,FALSE,TRUE,TRUE
"xn--2p8h96f",,,FALSE,TRUE,TRUE
"xn--rn8h7e",,,FALSE,TRUE,TRUE
"xn--2p8hhf",,,FALSE,TRUE,TRUE
"ourspring",22.22,,FALSE,TRUE,TRUE
"exportsy",11,,FALSE,TRUE,TRUE
"cheaptutor",22.22,,FALSE,TRUE,TRUE
"guruforum",22.22,,FALSE,TRUE,TRUE
"toysolar",22.22,,FALSE,TRUE,TRUE
"xn--2p8hjl",,,FALSE,TRUE,TRUE
"xn--2p8htq",,,FALSE,TRUE,TRUE
"temptio",11,,FALSE,TRUE,TRUE
"stalkia",11,,FALSE,TRUE,TRUE
"gurupost",22.22,,FALSE,TRUE,TRUE
"xn--1q8hoj",,,FALSE,TRUE,TRUE
"xn--1q8hnj",,,FALSE,TRUE,TRUE
"xn--0q8hpj",,,FALSE,TRUE,TRUE
"xn--0q8hqj",,,FALSE,TRUE,TRUE
"robocosmic",22.22,,FALSE,TRUE,TRUE
"sablayan",22,"officially the Municipality of Sablayan, is a 1st class municipality in the province of Occidental Mindoro, Philippines.",FALSE,TRUE,TRUE
"xn--dv8h16e",,,FALSE,TRUE,TRUE
"shopgamer",22.22,,FALSE,TRUE,TRUE
"xn--2p8hnb29a",,,FALSE,TRUE,TRUE
"xn--2p8hpby7a",,,FALSE,TRUE,TRUE
"hitcharide",11,,FALSE,TRUE,TRUE
"sikpur",44,,FALSE,TRUE,TRUE
"hetviswater",11,"Dutch 'the fishing water'",FALSE,TRUE,TRUE
"rotaitalia",22,"Rota Italia",FALSE,TRUE,TRUE
"xn--dv8hj8e",,,FALSE,TRUE,TRUE
"xn--dv8hk8e",,,FALSE,TRUE,TRUE
"xn--mm8het",,,FALSE,TRUE,TRUE
"xn--kg8hm6a",,,FALSE,TRUE,TRUE
"0level",55,,FALSE,TRUE,TRUE
"hetven",11,"HU 'seventy'",FALSE,TRUE,TRUE
"hetvenne",11,"HU 'seventies'",FALSE,TRUE,TRUE
"hetvischwater",11,"Dutch 'the fishing water'",FALSE,TRUE,TRUE
"netclown",22.22,,FALSE,TRUE,TRUE
"unialfa",22.22,,FALSE,TRUE,TRUE
"hazardnews",22.22,,FALSE,TRUE,TRUE
"earthdeck",22.22,,FALSE,TRUE,TRUE
"jpgking",123,,FALSE,TRUE,TRUE
"cryptotaoist",333,,FALSE,TRUE,TRUE
"daory",222,,FALSE,TRUE,TRUE
"villagemart",66,,FALSE,TRUE,TRUE
"wikimonks",11,,FALSE,TRUE,TRUE
"cryptmonk",111,,FALSE,TRUE,TRUE
"kanggaru",555,"Malay 'kangaroo'",FALSE,TRUE,TRUE
"kihk",444.44,kick,FALSE,TRUE,TRUE
"apktech",111,,FALSE,TRUE,TRUE
"xn--cjzu29a3zn",,,FALSE,TRUE,TRUE
"xn--fhq102n",,,FALSE,TRUE,TRUE
"herba-life",55,,FALSE,TRUE,TRUE
"upload69",33,,FALSE,TRUE,TRUE
"mynfteam",55,,FALSE,TRUE,TRUE
"xn--ug8h89h",,,FALSE,TRUE,TRUE
"xn--ug8h80h",,,FALSE,TRUE,TRUE
"xn--ug8h82h",,,FALSE,TRUE,TRUE
"inertianft",33,,FALSE,TRUE,TRUE
"0x00club",222,,FALSE,TRUE,TRUE
"cyez",444.44,"cyber-easy | sighs",FALSE,TRUE,TRUE
"cyok",444.44,"cyber is good!",FALSE,TRUE,TRUE
"tekko",333,,FALSE,TRUE,TRUE
"cyup",444.44,cyber-up,FALSE,TRUE,TRUE
"byiv",444.44,"by intravenous | In Vitro | _many_ [https://acronyms.thefreedictionary.com/IV]",FALSE,TRUE,TRUE
"geekle",222,,FALSE,TRUE,TRUE
"maskdoge",555,,FALSE,TRUE,TRUE
"xn--mgbpl1fsa",,,FALSE,TRUE,TRUE
"aac1",111,,FALSE,TRUE,TRUE
"adu0",111,"a Duo",FALSE,TRUE,TRUE
"afo0",111,"a Foo was 'ere :-)",FALSE,TRUE,TRUE
"adh4",111,"Of course, anyone ADHD will hav realised the fourth letter is 'D' lol :-) !",FALSE,TRUE,TRUE
"fruitandveg",111,,FALSE,TRUE,TRUE
"fishingonthechain",22,,FALSE,TRUE,TRUE
"timofeji",9,,FALSE,TRUE,TRUE
"surfas",888,,FALSE,TRUE,TRUE
"00no",222,"oooohh nooo...!\n Get https://www.namebase.io/domains/onoo too!",FALSE,TRUE,TRUE
"xn--4dbagida3all0j",,,FALSE,TRUE,TRUE
"tacoverse",777,,FALSE,TRUE,TRUE
"tacoify",777,,FALSE,TRUE,TRUE
"space1999",444,,FALSE,TRUE,TRUE
"instagranny",44,,FALSE,TRUE,TRUE
"xn--43h4080o",,,FALSE,TRUE,TRUE
"xn--n3h9280o",,,FALSE,TRUE,TRUE
"xn--98h2529m",,,FALSE,TRUE,TRUE
"xn--p28hx9c",,,FALSE,TRUE,TRUE
"noob21",11,,FALSE,TRUE,TRUE
"web3dot0",77,,FALSE,TRUE,TRUE
"instagranddad",44,,FALSE,TRUE,TRUE
"spued",111,spewed,FALSE,TRUE,TRUE
"darknet22",11,,FALSE,TRUE,TRUE
"xn--tu8hiu",,,FALSE,TRUE,TRUE
"xn--cr8hth",,,FALSE,TRUE,TRUE
"xn--h4hx930o",,,FALSE,TRUE,TRUE
"xn--tu8h40e",,,FALSE,TRUE,TRUE
"noob22",11,,FALSE,TRUE,TRUE
"xn--3n1b4fa743m",,,FALSE,TRUE,TRUE
"xn--ug8h03h",,,FALSE,TRUE,TRUE
"xn--ug8h71h",,,FALSE,TRUE,TRUE
"moongoat",888,"Gone to the Moon as Greatest Of All Time !!",FALSE,TRUE,TRUE
"wija",444.44,"ouija [board]",FALSE,TRUE,TRUE
"cyav",444.44,"cyber-audiovisual | Community Youth Against Violence",FALSE,TRUE,TRUE
"mmkm",444.44,,FALSE,TRUE,TRUE
"onoo",444.44,"oooohh nooo...!\n Get ttps://www.namebase.io/domains/00no too!",FALSE,TRUE,TRUE
"xn--ohm-e0c",,,FALSE,TRUE,TRUE
"lifeview",777,,FALSE,TRUE,TRUE
"xn--1o8hs6a",,,FALSE,TRUE,TRUE
"xn--1o8hr6a",,,FALSE,TRUE,TRUE
"xn--1o8h04g",,,FALSE,TRUE,TRUE
"xn--1o8hz4g",,,FALSE,TRUE,TRUE
"xn--fr8hsc",,,FALSE,TRUE,TRUE
"00zy",55,"ooozy :-) slime!",FALSE,TRUE,TRUE
"golfprodirectory",33.33,,FALSE,TRUE,TRUE
"xn--mgbc6cyb",,,FALSE,TRUE,TRUE
"nft169",11,,FALSE,TRUE,TRUE
"xn--m9h2678m",,,FALSE,TRUE,TRUE
"xn--75gy1u",,,FALSE,TRUE,TRUE
"xleg",444.44,"4char 'cross-leg'",FALSE,TRUE,TRUE
"xn--7o8hd",,,FALSE,TRUE,TRUE
"dunyasi",555,"Azerbaijani, Javanese, Kyrgyz, Malay, Sundanese, Swahili, Tajik, Turkish, Turkmen, Uzbek .. 'world [is]'",FALSE,TRUE,TRUE
"australianmuscle",555,,FALSE,TRUE,TRUE
"xn--zn8h52g",,,FALSE,TRUE,TRUE
"tlid",444.44,"4char 'Top-Level ID'",FALSE,TRUE,TRUE
"klib",444.44,,FALSE,TRUE,TRUE
"krif",444.44,,FALSE,TRUE,TRUE
"xn--ns8h02f",,,FALSE,TRUE,TRUE
"tyob",444.44,,FALSE,TRUE,TRUE
"dlem",444.44,"4char meld[rev]",FALSE,TRUE,TRUE
"wildplaces",111,,FALSE,TRUE,TRUE
"aussiemuscle",555,,FALSE,TRUE,TRUE
"hsuh",444.44,"4char hush[rev]",FALSE,TRUE,TRUE
"hsum",444.44,"4char mush[rev] -drive the dog-team backwards | Health Sciences University of Mongolia",FALSE,TRUE,TRUE
"dlim",444.44,,FALSE,TRUE,TRUE
"solhus",555,"Nordic\Scandanavian 'solar house'",FALSE,TRUE,TRUE
"xn--lodaogin3b",,,FALSE,TRUE,TRUE
"altcoinfans",44,,FALSE,TRUE,TRUE
"slamfun",22,,FALSE,TRUE,TRUE
"fuij",444.44,,FALSE,TRUE,TRUE
"xn--n8j9a9dug",,,FALSE,TRUE,TRUE
"liikunta",222,"Finnish noun: exercise, movement, physical education",FALSE,TRUE,TRUE
"ryoc",444.44,"Rule\Run Your Own Country | Roll Your Own Candy\Cigarettes",FALSE,TRUE,TRUE
"xn--0t8hb",,,FALSE,TRUE,TRUE
"onlyscam",55.55,,FALSE,TRUE,TRUE
"xn--1o8hu2f",,,FALSE,TRUE,TRUE
"darkbet",666,,FALSE,TRUE,TRUE
"s3cr3tz",44,,FALSE,TRUE,TRUE
"xn--88j6eta",,,FALSE,TRUE,TRUE
"xn--u8j9d",,,FALSE,TRUE,TRUE
"xn--1o8ht2f",,,FALSE,TRUE,TRUE
"darkchi",55.55,,FALSE,TRUE,TRUE
"nordsud",111.11,"FR 'north-south'",FALSE,TRUE,TRUE
"uhnsi",22.22,,FALSE,TRUE,TRUE
"phnsi",22.22,,FALSE,TRUE,TRUE
"mhnsi",22.22,,FALSE,TRUE,TRUE
"zhnsi",22,,FALSE,TRUE,TRUE
"khnsi",22.22,,FALSE,TRUE,TRUE
"galacticnode",111.11,,FALSE,TRUE,TRUE
"jhnsi",22.22,,FALSE,TRUE,TRUE
"vhnsi",22.22,,FALSE,TRUE,TRUE
"shif",444.44,,FALSE,TRUE,TRUE
"muskovite",33,,FALSE,TRUE,TRUE
"snrz",444.44,,FALSE,TRUE,TRUE
"snse",444.44,,FALSE,TRUE,TRUE
"shev",444.44,,FALSE,TRUE,TRUE
"smarthing",444,,FALSE,TRUE,TRUE
"hnsxai",222.22,,FALSE,TRUE,TRUE
"xn--gmqq18e",,,FALSE,TRUE,TRUE
"trustate",222.22,,FALSE,TRUE,TRUE
"xn--5suv74k",,,FALSE,TRUE,TRUE
"secretspot",888,,FALSE,TRUE,TRUE
"orgm",444.44,orgasm,FALSE,TRUE,TRUE
"kkno",444.44,,FALSE,TRUE,TRUE
"mfir",444.44,,FALSE,TRUE,TRUE
"mnab",444.44,,FALSE,TRUE,TRUE
"ijtv",444.44,"ijit tv [idiot tevevision]",FALSE,TRUE,TRUE
"xn--3k8h1a",,,FALSE,TRUE,TRUE
"xrpaustralia",22,,FALSE,TRUE,TRUE
"ephemerama",77,,FALSE,TRUE,TRUE
"espan",222,"[short Español] |Enhanced Switched Port Analyzer (Cisco) | Electronic and Small Press Authors' Network (Romance Writers of America)",FALSE,TRUE,TRUE
"xn--nm8h1t",,,FALSE,TRUE,TRUE
"asianeye",55,,FALSE,TRUE,TRUE
"ebbk",444.44,"big\fat ebook [or .. tide goes out a kay lol]",FALSE,TRUE,TRUE
"orgq",444.44,"orgy queue",FALSE,TRUE,TRUE
"xn--94qv64c",,,FALSE,TRUE,TRUE
"mylookout",11,,FALSE,TRUE,TRUE
"kvhz",444.44,"4char electrical notation [KiloVolt Hertz]",FALSE,TRUE,TRUE
"yphu",44,,FALSE,TRUE,TRUE
"sayy",444.44,,FALSE,TRUE,TRUE
"cilk",1234.56,,FALSE,TRUE,TRUE
"mmft",444.44,,FALSE,TRUE,TRUE
"moaj",444.44,,FALSE,TRUE,TRUE
"mbkf",444.44,,FALSE,TRUE,TRUE
"mrnu",444.44,,FALSE,TRUE,TRUE
"mxes",444.44,,FALSE,TRUE,TRUE
"mxfb",444.44,,FALSE,TRUE,TRUE
"mjob",444.44,,FALSE,TRUE,TRUE
"mjoe",444.44,,FALSE,TRUE,TRUE
"mjox",444.44,,FALSE,TRUE,TRUE
"mwho",444.44,,FALSE,TRUE,TRUE
"mdue",444.44,,FALSE,TRUE,TRUE
"mdud",444.44,,FALSE,TRUE,TRUE
"mgwu",444.44,,FALSE,TRUE,TRUE
"ynmi",44,,FALSE,TRUE,TRUE
"mnap",444.44,,FALSE,TRUE,TRUE
"icav",444.44,,FALSE,TRUE,TRUE
"melbourneit",222,,FALSE,TRUE,TRUE
"xn--ltr54y",,,FALSE,TRUE,TRUE
"xn--idk9b",,,FALSE,TRUE,TRUE
"isurgir",55,"PT 'arise'",FALSE,TRUE,TRUE
"meditateandbreathe",22.22,,FALSE,TRUE,TRUE
"buggerie",22.22,,FALSE,TRUE,TRUE
"zillionnaire",55,,FALSE,TRUE,TRUE
"aievolves",55.55,,FALSE,TRUE,TRUE
"tsmy",444.44,,FALSE,TRUE,TRUE
"tsmr",444.44,,FALSE,TRUE,TRUE
"pesk",444.44,,FALSE,TRUE,TRUE
"tvea",444.44,,FALSE,TRUE,TRUE
"trrz",444.44,,FALSE,TRUE,TRUE
"peuu",444.44,,FALSE,TRUE,TRUE
"tvew",444.44,,FALSE,TRUE,TRUE
"nftsgirl",33,,FALSE,TRUE,TRUE
"sh1ts",44,,FALSE,TRUE,TRUE
"tdld",444.44,,FALSE,TRUE,TRUE
"xn--nft-eza",,,FALSE,TRUE,TRUE
"tsmo",444,,FALSE,TRUE,TRUE
"rrbt",444.44,,FALSE,TRUE,TRUE
"tvem",444.44,,FALSE,TRUE,TRUE
"jond",444.44,,FALSE,TRUE,TRUE
"zvuu",44,,FALSE,TRUE,TRUE
"zxif",44,,FALSE,TRUE,TRUE
"ate88",888,,FALSE,TRUE,TRUE
"xn--look",,,FALSE,TRUE,TRUE
"xbbq",555.55,,FALSE,TRUE,TRUE
"xyji",44,,FALSE,TRUE,TRUE
"xehn",444.44,,FALSE,TRUE,TRUE
"hucx",1234,,FALSE,TRUE,TRUE
"nvyr",444.44,,FALSE,TRUE,TRUE
"qsks",444.44,"q asks .. asks questions",FALSE,TRUE,TRUE
"wayy",444.44,,FALSE,TRUE,TRUE
"xdag",444.44,,FALSE,TRUE,TRUE
"hamuk",99,"phonetic 'hammock'",FALSE,TRUE,TRUE
"oyic",444.44,,FALSE,TRUE,TRUE
"fomomofos",111,,FALSE,TRUE,TRUE
"catspaws",555,,FALSE,TRUE,TRUE
"xn--ss8hpz",,,FALSE,TRUE,TRUE
"smallwhale",333,,FALSE,TRUE,TRUE
"qsld",444.44,"qld sld",FALSE,TRUE,TRUE
"lookatmynft",25,,FALSE,TRUE,TRUE
"eurue",44,"List the things that the EU rue!",FALSE,TRUE,TRUE
"froots",333,[fruits],FALSE,TRUE,TRUE
"wikisage",22,,FALSE,TRUE,TRUE
"ubjw",444.44,"You BE JW",FALSE,TRUE,TRUE
"photofacts",222,,FALSE,TRUE,TRUE
"globallynomadic",22,,FALSE,TRUE,TRUE
"ehehe",44,,FALSE,TRUE,TRUE
"myaym",55,"my aim",FALSE,TRUE,TRUE
"weof",444.44,,FALSE,TRUE,TRUE
"xn--le5bt3b",,,FALSE,TRUE,TRUE
"nzhs",444.44,,FALSE,TRUE,TRUE
"photodojo",444,,FALSE,TRUE,TRUE
"nvem",444.44,"envy 'em",FALSE,TRUE,TRUE
"pedrose",69,,FALSE,TRUE,TRUE
"kiitana",69,,FALSE,TRUE,TRUE
"yoiu",44,,FALSE,TRUE,TRUE
"romanroad",77,,FALSE,TRUE,TRUE
"ziesar",22,,FALSE,TRUE,TRUE
"hongki",44,"phonetic 'honky'",FALSE,TRUE,TRUE
"ruzhdi",44,"Albanian 'Rushdie' [https://en.wikipedia.org/wiki/Salman_Rushdie]",FALSE,TRUE,TRUE
"gauni",44,"Swahili 'gown'",FALSE,TRUE,TRUE
"chainrek",22,,FALSE,TRUE,TRUE
"usdsos",22,"US Dollar (USD) \ Somali Shilling (SOS) [Notation]",FALSE,TRUE,TRUE
"pivt",444.44,,FALSE,TRUE,TRUE
"xn--85bhk3j",,,FALSE,TRUE,TRUE
"xn--r5b8b8bj",,,FALSE,TRUE,TRUE
"mufin",77,"phonetic 'muffin'",FALSE,TRUE,TRUE
"elmac",22,,FALSE,TRUE,TRUE
"greycos",22,,FALSE,TRUE,TRUE
"imrah",22,,FALSE,TRUE,TRUE
"festivalist",22,,FALSE,TRUE,TRUE
"utkur",11,,FALSE,TRUE,TRUE
"tincanblues",22,,FALSE,TRUE,TRUE
"herblot",22,,FALSE,TRUE,TRUE
"labyrinthos",22,,FALSE,TRUE,TRUE
"toskas",22,,FALSE,TRUE,TRUE
"serbis",22,,FALSE,TRUE,TRUE
"gohare",22,,FALSE,TRUE,TRUE
"reedah",22,,FALSE,TRUE,TRUE
"prayas",22,,FALSE,TRUE,TRUE
"majiko",22,,FALSE,TRUE,TRUE
"trigolo",22,,FALSE,TRUE,TRUE
"pritty",22,,FALSE,TRUE,TRUE
"funodd",22,,FALSE,TRUE,TRUE
"devle",11,,FALSE,TRUE,TRUE
"toplot",22,,FALSE,TRUE,TRUE
"celeres",22,,FALSE,TRUE,TRUE
"fauzen",11,,FALSE,TRUE,TRUE
"grezin",22,,FALSE,TRUE,TRUE
"segonds",22,,FALSE,TRUE,TRUE
"dipha",11,,FALSE,TRUE,TRUE
"xn--2w2b155a",,"KO ‘tsar’",FALSE,TRUE,TRUE
"px__xq",22,,FALSE,TRUE,TRUE
"saluh",22,,FALSE,TRUE,TRUE
"marmoz",22,,FALSE,TRUE,TRUE
"medeus",22,,FALSE,TRUE,TRUE
"atimise",11,,FALSE,TRUE,TRUE
"brilo",22,,FALSE,TRUE,TRUE
"isavi",22,,FALSE,TRUE,TRUE
"dokrat",22,,FALSE,TRUE,TRUE
"wondah",22,,FALSE,TRUE,TRUE
"ensmind",22,,FALSE,TRUE,TRUE
"tardan",11,,FALSE,TRUE,TRUE
"hyart",22,,FALSE,TRUE,TRUE
"theriez",33,,FALSE,TRUE,TRUE
"eversham",22,,FALSE,TRUE,TRUE
"xn--hmf",,,FALSE,TRUE,TRUE
"allfact",22,,FALSE,TRUE,TRUE
"lowage",22,,FALSE,TRUE,TRUE
"primetip",22,,FALSE,TRUE,TRUE
"siguret",22,,FALSE,TRUE,TRUE
"anypain",22,,FALSE,TRUE,TRUE
"daouia",11,,FALSE,TRUE,TRUE
"ernar",22,,FALSE,TRUE,TRUE
"blood-sausage",11,,FALSE,TRUE,TRUE
"kthrash",22,,FALSE,TRUE,TRUE
"sunsetride",33,,FALSE,TRUE,TRUE
"amwongg",11,,FALSE,TRUE,TRUE
"oronas",22,,FALSE,TRUE,TRUE
"sewah",22,,FALSE,TRUE,TRUE
"vsjpqasq6hn5bckx6ptohyhf54virvpbi4577ra6fumq4ri7mrca",,,FALSE,TRUE,TRUE
"crzghcsjz2cwpxfgluhfdp5uvhffhsgvlfj3nxywpksrc7ve5dqa",,,FALSE,TRUE,TRUE
"xn--r8j6a8h",,,FALSE,TRUE,TRUE
"xn--cekaa",,,FALSE,TRUE,TRUE
"egerritzen",11,,FALSE,TRUE,TRUE
"htjoepo376i4q546bdr652w6yik3e63767a3us2wt7hxdtet4uta",,,FALSE,TRUE,TRUE
"artpsycho",22,,FALSE,TRUE,TRUE
"mulletsfishcamp",22,,FALSE,TRUE,TRUE
"xn--koa00ik53b",,,FALSE,TRUE,TRUE
"happy21st",,,FALSE,TRUE,TRUE
"loanwhale",55,,FALSE,TRUE,TRUE
"rerolle",22,,FALSE,TRUE,TRUE
"pechenet",22,,FALSE,TRUE,TRUE
"buildsolar",22,,FALSE,TRUE,TRUE
"kompus",22,,FALSE,TRUE,TRUE
"farizon",22,,FALSE,TRUE,TRUE
"guiddir",22,,FALSE,TRUE,TRUE
"fabtec",22,,FALSE,TRUE,TRUE
"nznznz",,,FALSE,TRUE,TRUE
"shitheap",22,,FALSE,TRUE,TRUE
"euromade",22,,FALSE,TRUE,TRUE
"namewisdom",22,,FALSE,TRUE,TRUE
"xn--zz-dh3c",,,FALSE,TRUE,TRUE
"cloudokids",22,,FALSE,TRUE,TRUE
"hahaquan",11,,FALSE,TRUE,TRUE
"awesomemaxim",11,,FALSE,TRUE,TRUE
"certech",22,,FALSE,TRUE,TRUE
"statcorner",22,,FALSE,TRUE,TRUE
"justgeneric",22,,FALSE,TRUE,TRUE
"spacemanyang",22,,FALSE,TRUE,TRUE
"bboying",22,,FALSE,TRUE,TRUE
"healersathome",22,,FALSE,TRUE,TRUE
"toxinfo",22,,FALSE,TRUE,TRUE
"xn--5gqr5yss2a",222,"CH\ZH ‘ding rice",FALSE,TRUE,TRUE
"xn--ihqur60ar5y",,,FALSE,TRUE,TRUE
"crewnow",22,,FALSE,TRUE,TRUE
"deficalendar",22,,FALSE,TRUE,TRUE
"xn--fiq23l18g",,,FALSE,TRUE,TRUE
"savagekingdom",22,,FALSE,TRUE,TRUE
"mywreck",22,,FALSE,TRUE,TRUE
"allmugs",22,,FALSE,TRUE,TRUE
"xn--qrq961b",,,FALSE,TRUE,TRUE
"onebadday",22,,FALSE,TRUE,TRUE
"xn--4gqra70b",3210,"CH\ZH ‘3 2 1’",FALSE,TRUE,TRUE
"eatsshootsandleaves",22,,FALSE,TRUE,TRUE
"wafflings",22,,FALSE,TRUE,TRUE
"freeeeak",22,,FALSE,TRUE,TRUE
"nativeseed",22,,FALSE,TRUE,TRUE
"goodbasics",22,,FALSE,TRUE,TRUE
"bestdealtoday",22,,FALSE,TRUE,TRUE
"justgoodthings",22,,FALSE,TRUE,TRUE
"jobofwork",22,,FALSE,TRUE,TRUE
"craftgenius",22,,FALSE,TRUE,TRUE
"thrillbox",22,,FALSE,TRUE,TRUE
"xn--chq2c4jaa705e",,,FALSE,TRUE,TRUE
"monki",222,,FALSE,TRUE,TRUE
"carryshit",22,,FALSE,TRUE,TRUE
"findigo",22,,FALSE,TRUE,TRUE
"xn--4gq537o9vbc6b",,,FALSE,TRUE,TRUE
"xn--fiqrep10a7ue",,,FALSE,TRUE,TRUE
"slybris",22,,FALSE,TRUE,TRUE
"xn--69qa8270d",,,FALSE,TRUE,TRUE
"canihavethat",22,,FALSE,TRUE,TRUE
"ruincrypto",22,,FALSE,TRUE,TRUE
"costumemania",22,,FALSE,TRUE,TRUE
"memetales",22,,FALSE,TRUE,TRUE
"contagiousabortion",11,,FALSE,TRUE,TRUE
"thousandsuns",22,,FALSE,TRUE,TRUE
"kingdomchairs",22,,FALSE,TRUE,TRUE
"meditime",22,,FALSE,TRUE,TRUE
"futurepack",22,,FALSE,TRUE,TRUE
"xn--3bs63j2w3c",,,FALSE,TRUE,TRUE
"pacificwine",22,,FALSE,TRUE,TRUE
"xn--rsss09j",,,FALSE,TRUE,TRUE
"lookinmypc",22,,FALSE,TRUE,TRUE
"subworx",22,,FALSE,TRUE,TRUE
"brandget",22,,FALSE,TRUE,TRUE
"nftjail",22,,FALSE,TRUE,TRUE
"nftsilo",22,,FALSE,TRUE,TRUE
"prettyontheinside",22,,FALSE,TRUE,TRUE
"funnycrypto",22,,FALSE,TRUE,TRUE
"cryptospare",22,,FALSE,TRUE,TRUE
"reusedefi",22,,FALSE,TRUE,TRUE
"raisedefi",22,,FALSE,TRUE,TRUE
"dwarfnft",22,,FALSE,TRUE,TRUE
"biddingworks",22,,FALSE,TRUE,TRUE
"xn--prrz31l",,,FALSE,TRUE,TRUE
"xn--9dbr0a",,,FALSE,TRUE,TRUE
"dog-weary",22,,FALSE,TRUE,TRUE
"bligation",22,,FALSE,TRUE,TRUE
"ouratlas",22,,FALSE,TRUE,TRUE
"voidnft",22,,FALSE,TRUE,TRUE
"monkeyyoga",22,,FALSE,TRUE,TRUE
"matchwedding",22,,FALSE,TRUE,TRUE
"xn--gmq182bese",,,FALSE,TRUE,TRUE
"conefrens",22,,FALSE,TRUE,TRUE
"cryptoruin",22,,FALSE,TRUE,TRUE
"naturewellbeing",22,,FALSE,TRUE,TRUE
"silonft",22,,FALSE,TRUE,TRUE
"xn--45qqoj7c44m",,,FALSE,TRUE,TRUE
"nipplebanana",22,,FALSE,TRUE,TRUE
"xn--lcy850f",,,FALSE,TRUE,TRUE
"nongisnong",22,,FALSE,TRUE,TRUE
"xn--dvso25e",,,FALSE,TRUE,TRUE
"thegeekchic",22,,FALSE,TRUE,TRUE
"yourbestbud",22,,FALSE,TRUE,TRUE
"gelded",55,,FALSE,TRUE,TRUE
"tao-yin",33,,FALSE,TRUE,TRUE
"dwebshare",22,,FALSE,TRUE,TRUE
"xn--g77hwa02n",,,FALSE,TRUE,TRUE
"lunarphase",222,,FALSE,TRUE,TRUE
"mothballnft",22,,FALSE,TRUE,TRUE
"xn--qeiz367mmba",,,FALSE,TRUE,TRUE
"xn--g23a",,,FALSE,TRUE,TRUE
"fux4",222,,FALSE,TRUE,TRUE
"xn--yvhej",,,FALSE,TRUE,TRUE
"v101",44,,FALSE,TRUE,TRUE
"xn--u71h4a",,,FALSE,TRUE,TRUE
"yourfortune",22,,FALSE,TRUE,TRUE
"noteat",22,,FALSE,TRUE,TRUE
"xn--qn8h4ik0a",,,FALSE,TRUE,TRUE
"birdlime",22,,FALSE,TRUE,TRUE
"conductasurvey",22,,FALSE,TRUE,TRUE
"motheranddaughter",22,,FALSE,TRUE,TRUE
"dslrtripod",22,,FALSE,TRUE,TRUE
"cryptotwist",22,,FALSE,TRUE,TRUE
"xn--00w46q",333,"CH\ZH ‘white’",FALSE,TRUE,TRUE
"xn--qn8h4iq8b",,,FALSE,TRUE,TRUE
"xn--qn8h4ih0j",,,FALSE,TRUE,TRUE
"usualcrypto",22,,FALSE,TRUE,TRUE
"mooctochina",22,,FALSE,TRUE,TRUE
"xn--4gqu4ltz1b",,,FALSE,TRUE,TRUE
"healthdocs",22,,FALSE,TRUE,TRUE
"xn--qei4438muga",,,FALSE,TRUE,TRUE
"xn--g02a",,,FALSE,TRUE,TRUE
"pricedefi",22,,FALSE,TRUE,TRUE
"xn--4qsveow",,,FALSE,TRUE,TRUE
"xn--uxqy9saa",,,FALSE,TRUE,TRUE
"no-mad",22,,FALSE,TRUE,TRUE
"xn--x8t30ksr4c",,,FALSE,TRUE,TRUE
"xn--p5t330d",,,FALSE,TRUE,TRUE
"grooveon",22,,FALSE,TRUE,TRUE
"xn--fiq92vjza28m9wtsyo",,,FALSE,TRUE,TRUE
"xn--tfr361du9f",,,FALSE,TRUE,TRUE
"goldsilverstandard",22,,FALSE,TRUE,TRUE
"sunseason",22,,FALSE,TRUE,TRUE
"blowagasket",22,,FALSE,TRUE,TRUE
"teaorange",,,FALSE,TRUE,TRUE
"mapactive",22,,FALSE,TRUE,TRUE
"webmeal",22,,FALSE,TRUE,TRUE
"earthgleam",22,,FALSE,TRUE,TRUE
"surftips",55,,FALSE,TRUE,TRUE
"wyciwyg",22,,FALSE,TRUE,TRUE
"catboat",22,,FALSE,TRUE,TRUE
"stonerpal",22,,FALSE,TRUE,TRUE
"catpros",22,,FALSE,TRUE,TRUE
"hisnibs",22,,FALSE,TRUE,TRUE
"catmood",22,,FALSE,TRUE,TRUE
"catkat",22,,FALSE,TRUE,TRUE
"catluck",22,,FALSE,TRUE,TRUE
"solardeity",33,,FALSE,TRUE,TRUE
"twobob",22,,FALSE,TRUE,TRUE
"poshcats",22,,FALSE,TRUE,TRUE
"pimpmylife",22,,FALSE,TRUE,TRUE
"icerescue",22,,FALSE,TRUE,TRUE
"2070ad",22,,FALSE,TRUE,TRUE
"2060ad",22,,FALSE,TRUE,TRUE
"2040ad",22,,FALSE,TRUE,TRUE
"2080ad",22,,FALSE,TRUE,TRUE
"guypics",55,,FALSE,TRUE,TRUE
"linuks",222,,FALSE,TRUE,TRUE
"showcat",22,,FALSE,TRUE,TRUE
"catcrew",22,,FALSE,TRUE,TRUE
"peacecats",22,,FALSE,TRUE,TRUE
"catgems",22,,FALSE,TRUE,TRUE
"catbits",22,,FALSE,TRUE,TRUE
"nudedudes",22,,FALSE,TRUE,TRUE
"2050ad",22,,FALSE,TRUE,TRUE
"cattek",22,,FALSE,TRUE,TRUE
"catdivas",22,,FALSE,TRUE,TRUE
"divacat",22,,FALSE,TRUE,TRUE
"catbites",22,,FALSE,TRUE,TRUE
"catgeek",22,,FALSE,TRUE,TRUE
"catdiva",22,,FALSE,TRUE,TRUE
"egosurf",55,,FALSE,TRUE,TRUE
"homebasic",22,,FALSE,TRUE,TRUE
"econowork",22,,FALSE,TRUE,TRUE
"soundgem",55,,FALSE,TRUE,TRUE
"purrjoy",22,,FALSE,TRUE,TRUE
"litlove",33,,FALSE,TRUE,TRUE
"catbond",22,,FALSE,TRUE,TRUE
"jawa",,,TRUE,FALSE,TRUE
"700101",22,,FALSE,TRUE,TRUE
"tvpool",,,FALSE,TRUE,TRUE
"boatdeck",,,FALSE,TRUE,TRUE
"keptman",,,FALSE,TRUE,TRUE
"mygrane",,,FALSE,TRUE,TRUE
"epicwit",,,FALSE,TRUE,TRUE
"beltandroadinitiative",11,,FALSE,TRUE,TRUE
"bidblitz",,,FALSE,TRUE,TRUE
"basicpets",,,FALSE,TRUE,TRUE
"barnap",,,FALSE,TRUE,TRUE
"lowgear",,,FALSE,TRUE,TRUE
"barbituism",,,FALSE,TRUE,TRUE
"shedcar",,,FALSE,TRUE,TRUE
"hisgirl",,,FALSE,TRUE,TRUE
"xn--9g8hit",10,,FALSE,TRUE,TRUE
"01011970",10,,FALSE,TRUE,TRUE
"13572468",22,,FALSE,TRUE,TRUE
"hashrunes",10,,FALSE,TRUE,TRUE
"handshaketothemoon",556,,FALSE,TRUE,TRUE
"19700101",11,,FALSE,TRUE,TRUE
"24680",111,,FALSE,TRUE,TRUE
"010170",10,,FALSE,TRUE,TRUE
"seperate",,,FALSE,TRUE,TRUE
"inslowmo",,,FALSE,TRUE,TRUE
"bacchic",,,FALSE,TRUE,TRUE
"xn--45q11cm41a",8,,FALSE,TRUE,TRUE
"xn--h4h2510o",10,,FALSE,TRUE,TRUE
"badkarma",11,,FALSE,TRUE,TRUE
"goodkarma",11,,FALSE,TRUE,TRUE
"xn--2p8h3c",11,,FALSE,TRUE,TRUE
"xn--5p9hga",11,,FALSE,TRUE,TRUE
"xn--2me",55,,FALSE,TRUE,TRUE
"0xusa",,,FALSE,TRUE,TRUE
"xn--g77ha6ab282g",88,,FALSE,TRUE,TRUE
"apes3d",77,,FALSE,TRUE,TRUE
"xn--8ov0180g",88,,FALSE,TRUE,TRUE
"xn--m77hqa322a",,,FALSE,TRUE,TRUE
"xn--m77hd242a",,,FALSE,TRUE,TRUE
"xn--m77hga832a",,,FALSE,TRUE,TRUE
"xn--m77hia532a",,,FALSE,TRUE,TRUE
"xn--v77hga112a",,,FALSE,TRUE,TRUE
"xn--g5h3270o",,,FALSE,TRUE,TRUE
"xn--i77h6a30v",,,FALSE,TRUE,TRUE
"xn--m77hwa412a",,,FALSE,TRUE,TRUE
"xn--h77hja842a",,,FALSE,TRUE,TRUE
"xn--m77hsa022a",,,FALSE,TRUE,TRUE
"xn--vg8hh1c",,,FALSE,TRUE,TRUE
"xn--tg8hl1c",,,FALSE,TRUE,TRUE
"xn--ug8hj1c",,,FALSE,TRUE,TRUE
"xn--t77hia412a",,,FALSE,TRUE,TRUE
"xn--p77hd332a",,,FALSE,TRUE,TRUE
"xn--m77hma922a",,,FALSE,TRUE,TRUE
"xn--e5h7270o",,,FALSE,TRUE,TRUE
"xn--9o8h12a",,,FALSE,TRUE,TRUE
"xn--h77h5a70v",,,FALSE,TRUE,TRUE
"xn--v77hd512a",,,FALSE,TRUE,TRUE
"xn--s77hja512a",,,FALSE,TRUE,TRUE
"xn--x77ha412a",,,FALSE,TRUE,TRUE
"xn--e77hiby7p",11,,FALSE,TRUE,TRUE
"seisan",111,,FALSE,TRUE,TRUE
"fuhren",11,,FALSE,TRUE,TRUE
"anonone",9,,FALSE,TRUE,TRUE
"xn--11bug7bu8bwg8ang",55,,FALSE,TRUE,TRUE
"abau",77,,FALSE,TRUE,TRUE
"ryougae",222,,FALSE,TRUE,TRUE
"goldenen",11,,FALSE,TRUE,TRUE
"addresso",11,,FALSE,TRUE,TRUE
"karmabet",11,,FALSE,TRUE,TRUE
"xn--e77hibw7p",222,,FALSE,TRUE,TRUE
"0xtax",,,FALSE,TRUE,TRUE
"0xvc",,,FALSE,TRUE,TRUE
"truistic",,,FALSE,TRUE,TRUE
"apatetic",,,FALSE,TRUE,TRUE
"xn--2p8h4c",11,,FALSE,TRUE,TRUE
"wvim",,,FALSE,TRUE,TRUE
"faxt",,,FALSE,TRUE,TRUE
"warw",,,FALSE,TRUE,TRUE
"uggb",,,FALSE,TRUE,TRUE
"annualsailingtrip",,,FALSE,TRUE,TRUE
"ontheqt",,,FALSE,TRUE,TRUE
"xn--uvz",,,FALSE,TRUE,TRUE
"abcdiners",22,,TRUE,TRUE,TRUE
"dinersabc",,,FALSE,TRUE,TRUE
"dinerabc",,,FALSE,TRUE,TRUE
"rugowner",,,FALSE,TRUE,TRUE
"arsit",,,FALSE,TRUE,TRUE
"orthx",,,FALSE,TRUE,TRUE
"ripz",,,FALSE,FALSE,TRUE
"ribx",,,FALSE,TRUE,TRUE
"etsgo",,,FALSE,TRUE,TRUE
"tvlaw",,,FALSE,TRUE,TRUE
"itlooksrare",,,FALSE,TRUE,TRUE
"zdddz",,,FALSE,TRUE,TRUE
"xn--kis",,,FALSE,TRUE,TRUE
"goldsite",,,FALSE,TRUE,TRUE
"beastepic",,,FALSE,TRUE,TRUE
"xn--r28hma",,,FALSE,TRUE,TRUE
"xn--r28hoc",,,FALSE,TRUE,TRUE
"xn--r28hnc",,,FALSE,TRUE,TRUE
"xn--g08h0f",,,FALSE,TRUE,TRUE
"xn--g08hzf",,,FALSE,TRUE,TRUE
"xn--g08h1f",,,FALSE,TRUE,TRUE
"xn--g08h2f",,,FALSE,TRUE,TRUE
"xn--r28hh8c",,,FALSE,TRUE,TRUE
"xn--r28hwb",,,FALSE,TRUE,TRUE
"xn--r28hgb",,,FALSE,TRUE,TRUE
"xn--r28hpb",,,FALSE,TRUE,TRUE
"xn--r28hvb",,,FALSE,TRUE,TRUE
"xn--r28hi8c",,,FALSE,TRUE,TRUE
"xn--r28hfb",,,FALSE,TRUE,TRUE
"entric",,,FALSE,TRUE,TRUE
"leschats",,,FALSE,TRUE,TRUE
"eslaw",,,FALSE,TRUE,TRUE
"encer",,,FALSE,TRUE,TRUE
"eremy",,,FALSE,TRUE,TRUE
"izlaw",,,FALSE,TRUE,TRUE
"domainsau",,,FALSE,TRUE,TRUE
"copycatnft",,,FALSE,TRUE,TRUE
"nzdefi",,,FALSE,TRUE,TRUE
"sunsout",,,FALSE,TRUE,TRUE
"xn--zt8hzb",,,FALSE,TRUE,TRUE
"dwebstat",,,FALSE,TRUE,TRUE
"apisweb",,,FALSE,TRUE,TRUE
"uimenu",,,FALSE,TRUE,TRUE
"iknow",,,FALSE,TRUE,TRUE
"xn--24x",,,FALSE,TRUE,TRUE
"xn--zoq",,,FALSE,TRUE,TRUE
"365health",,,FALSE,TRUE,TRUE
"aaalife",,,FALSE,TRUE,TRUE
"abcloudz",,,FALSE,TRUE,TRUE
"ageright",,,FALSE,TRUE,TRUE
"airside",,,FALSE,TRUE,TRUE
"kwyt",222,[quit/e],TRUE,TRUE,TRUE
"cardhatch",,,FALSE,TRUE,TRUE
"ivegotit",,,FALSE,TRUE,TRUE
"xn--e18h0m",,,FALSE,TRUE,TRUE
"xn--flq",,,FALSE,TRUE,TRUE
"hi.sname",,,FALSE,TRUE,FALSE
"thi.sname",,,FALSE,TRUE,FALSE
"xn--e77hib.xn--nn8hc254cfa",,,FALSE,TRUE,TRUE
"hn.sname",,,FALSE,TRUE,TRUE
"hns.xn--nn8hc254cfa",,,FALSE,TRUE,TRUE
"yay.iknow",,,FALSE,TRUE,TRUE
"no.trolling",,,FALSE,TRUE,TRUE
